"pathway","rescue","side_effect","beta_FXS","beta_Drug_BAY","beta_Drug_BPN","beta_Drug_BP","beta_FXS_Drug_BAY","beta_FXS_Drug_BPN","beta_FXS_Drug_BP","p_FXS","p_Drug_BAY","p_Drug_BPN","p_Drug_BP","p_FXS_Drug_BAY","p_FXS_Drug_BPN","p_FXS_Drug_BP","combined_p_BAY","combined_p_BPN","combined_p_BP"
"GOMF_MISMATCH_REPAIR_COMPLEX_BINDING","Full Rescue","No Side Effect",0.771976170901738,-0.123048133974628,-0.0444939662790501,0.0129930920487489,0.0476007773051349,-0.406637745137642,-0.637010567023829,0.000634084679553819,0.241691101668935,0.670493155570221,0.90105230006017,0.747478909818362,0.00759012146643593,5.78050966636998e-05,5.11622412043006e-06,0.0356873272409649,0.332724303044005
"GOMF_MUTSALPHA_COMPLEX_BINDING","Full Rescue","No Side Effect",0.800285792798373,-0.121896692580274,-0.0213729364685071,0.130071176057752,0.0456371296581071,-0.340121247630064,-0.722564262907355,3.83225691026051e-05,0.317255405817403,0.860237368333874,0.286168003499462,0.790392195006394,0.0511753789637205,8.18854493175924e-05,5.01386564140303e-07,0.00232028409391548,0.1491952888723
"GOMF_MUTLALPHA_COMPLEX_BINDING","Full Rescue","No Side Effect",0.68352941694534,-0.068797905456492,-0.0330702825534052,0.0409428958711997,-0.0850845704109034,-0.470457865054276,-0.658280782458978,0.0092475533679179,0.565437250336826,0.78209792593399,0.732071802803,0.615095462918226,0.00696378569688261,0.000237147914167842,0.00711976921083347,0.360399205561563,0.736625146320812
"GOBP_POSITIVE_REGULATION_OF_SPINDLE_ASSEMBLY","Full Rescue","No Side Effect",0.604430591810691,0.00574816672083703,0.00246363625735263,-0.0593531578924216,-0.197509226043265,-0.626819837779738,-0.567592975415109,0.0466529554688637,0.959334584072505,0.982564680937615,0.598970111139189,0.218327056206232,0.000209502022468342,0.000698994768559882,0.084353427360918,0.933583011704109,0.92497414998063
"GOCC_ACTIVIN_RECEPTOR_COMPLEX","Full Rescue","No Side Effect",0.58057903783146,-0.227686464805797,0.0154500201150513,-0.009252858411396,0.134772968783251,-0.334341188966288,-0.418159568170381,0.0362751153581374,0.0170810676787466,0.868349078396926,0.920918477685308,0.308635009686154,0.0134385972804677,0.00229102104905691,0.0205241350964372,0.213819060605096,0.466853149406761
"GOBP_POSITIVE_REGULATION_OF_SKELETAL_MUSCLE_FIBER_DEVELOPMENT","Full Rescue","No Side Effect",-0.631992346502513,-0.19194405251923,-0.150819418208157,-0.146238990867676,0.198032417510857,0.240050298511752,0.362401480804151,0.032345788346514,0.0215959233095403,0.0687140434310697,0.0773193979139907,0.0904041550454713,0.0412238321214475,0.002549963130491,0.00365144635970077,0.0117130291051501,0.0534604671080856
"GOBP_PYRIMIDINE_NUCLEOBASE_METABOLIC_PROCESS","Full Rescue","No Side Effect",0.381119945455057,-0.0837691271985199,0.154676182377088,-0.0323524226041119,-0.0858952540484658,-0.343237248039669,-0.260989086370649,0.0391309204304648,0.165331819050748,0.011925406003855,0.589536109537748,0.312613087966605,0.000139878057277201,0.00299635786623016,0.131710411310755,0.169850763431129,0.531484752087081
"GOBP_G_QUADRUPLEX_DNA_UNWINDING","Full Rescue","No Side Effect",0.536176465217422,-0.0919313566370945,-0.210571216049388,-0.0546177935641153,0.0294233935234235,-0.265905273380466,-0.550130855068296,0.0235885342539361,0.470948172607118,0.101760905183826,0.667978546861912,0.870126910277796,0.143071539919426,0.00321290842627947,0.0149623893137999,0.759082798465297,0.724641046188461
"GOCC_PROCENTRIOLE_REPLICATION_COMPLEX","Full Rescue","No Side Effect",0.845212159598142,0.141794718864765,0.000983303600358485,0.174864950216596,-0.084022189217159,-0.532565983047479,-0.58838334802817,0.0142532738549468,0.300168943586011,0.994241461851173,0.202399267733937,0.663029794491199,0.00733744710735546,0.00324575672184359,0.000377055566844859,0.216843518928445,0.0891569674408206
"GOBP_METHIONINE_BIOSYNTHETIC_PROCESS","Full Rescue","No Side Effect",0.303024749768742,0.066376325525636,0.0240839596924691,0.0523353968616935,-0.14965266447655,-0.359165473817046,-0.469330675744159,0.0291363380670741,0.542703029802766,0.824960066528642,0.631053388063217,0.332964909435597,0.0224911741673432,0.00329784584923232,0.0847817902384336,0.801476777589204,0.371362200962616
"GOBP_REGULATION_OF_CHROMATIN_BINDING","Full Rescue","No Side Effect",0.276445117087262,0.123752476590809,0.0723365804985144,0.0824072135891447,-0.0767871393647852,-0.295852710046003,-0.405595034727387,0.0356113858976653,0.204587840971021,0.456379625201673,0.396477286609319,0.575725299776466,0.0341291481705412,0.00424928683484079,0.00672534237530122,0.657375515057514,0.695280535797373
"GOBP_NEGATIVE_REGULATION_OF_EPITHELIAL_TO_MESENCHYMAL_TRANSITION","Partial Rescue","No Side Effect",-0.297087109213291,-0.0235634254072194,-0.0593145337496777,-0.118270166463063,0.0424108791123193,0.0985320931307154,0.266191004070159,0.00109252053514759,0.713263822087185,0.35640067734767,0.0687731167993394,0.640127412650841,0.279323043258005,0.0045342822444498,0.000234737563425512,0.000651857542101906,0.0486101009444515
"GOBP_CELL_MIGRATION_INVOLVED_IN_HEART_DEVELOPMENT","Partial Rescue","No Side Effect",-0.736964999267678,-0.0918158526701058,-0.172257231125898,-0.0803063666686211,0.0509786434339801,0.214680179513855,0.241493696815207,0.00787924526602623,0.1201448880183,0.00442609452973965,0.17302280267463,0.538270953951013,0.0115171015807103,0.00475824810801188,4.04655011317769e-06,3.86161472662186e-05,0.000645231239312149
"GOBP_POSITIVE_REGULATION_OF_CHROMATIN_BINDING","Full Rescue","No Side Effect",0.483528423255701,0.192843098626638,0.132154423288153,0.077296105250877,-0.0923059571853981,-0.350339094335655,-0.427061874823691,0.00672305458733954,0.0670495709886883,0.206104464278992,0.457618781109543,0.530248458340603,0.0197099298476104,0.00491430133460869,4.71078726112526e-05,0.0644856566900991,0.351334615249458
"GOBP_METHIONINE_METABOLIC_PROCESS","Full Rescue","No Side Effect",0.349504744215581,0.103084172050935,0.0770268452425863,0.0539245449228342,-0.140123754734633,-0.337468386211081,-0.415101498373861,0.0376450542108113,0.311322858737533,0.448474623070876,0.595224221659619,0.330322734448784,0.0213529575055079,0.00510146230252336,0.0313252632772021,0.539443740158076,0.93590108185616
"GOCC_CILIARY_TRANSITION_FIBER","Full Rescue","No Side Effect",0.609197434850362,0.209849079468057,0.192156182321619,0.20855155867578,-0.260055069312791,-0.596810089566633,-0.457674024493902,0.0138432014632213,0.0660178742704425,0.0915818661658897,0.0676622886266109,0.106070928504535,0.000380689326524218,0.00538988388825019,0.0031363080792128,0.27972692852115,0.0570593189919368
"GOBP_WYBUTOSINE_METABOLIC_PROCESS","Partial Rescue","No Side Effect",0.507860355020959,-0.120163223427771,-0.0560393735518133,0.150048918158132,0.19684940091797,0.0619015682541516,-0.373382158809615,4.20419603947046e-05,0.194697306030645,0.543102940427033,0.106731798904146,0.133973948356459,0.634586686077148,0.00548270726152518,7.12381546859056e-09,3.643386805085e-07,0.0048430782183058
"GOBP_FEMALE_MEIOTIC_NUCLEAR_DIVISION","Partial Rescue","No Side Effect",0.555718860354531,0.142471695653149,0.0880862826068556,0.0137825322122525,-0.103202770596042,-0.274644687851439,-0.274666110058981,0.00145309943329192,0.0414728826019217,0.202630339373061,0.840945514403719,0.290159500975069,0.00615051947792127,0.00614676363012733,1.5818162315353e-07,0.00114241478542201,0.0093779504103904
"GOCC_INTRACELLULAR_CYCLIC_NUCLEOTIDE_ACTIVATED_CATION_CHANNEL_COMPLEX","Full Rescue","No Side Effect",0.612872532369232,0.125979544086528,0.130085619407455,0.219358954950988,-0.542219795488578,-0.286945732795231,-0.532607256600526,0.015472963576496,0.34596791997686,0.330594466263918,0.103348160240431,0.00534053234527631,0.131292809507784,0.00615584939047724,0.333015680639244,0.0247659299034318,0.140184033762827
"GOBP_MEIOTIC_SPINDLE_ASSEMBLY","Partial Rescue","No Side Effect",0.690423064458665,0.422784611103685,0.229097531814068,0.179190841341355,-0.426413756877226,-0.454941686653427,-0.410128047321193,0.0259379167518155,0.000113264416163381,0.0288799876967254,0.0850202587691358,0.00456790528497227,0.00259204875001611,0.00625055061631225,0.00266893198332237,0.0421834848767142,0.0444912959231343
"GOBP_RESPONSE_TO_CAMPTOTHECIN","Full Rescue","No Side Effect",0.69903554635673,0.171980643249833,0.0184165407557522,0.11483982810283,-0.26522210972339,-0.527700575062305,-0.461631330762562,0.0198419049996256,0.141658227956169,0.873828884645888,0.323998656142079,0.109619883347977,0.00200311386975596,0.00638164525059205,0.00694930254686604,0.397840456890487,0.116529228540398
"GOBP_OLIGOSACCHARIDE_LIPID_INTERMEDIATE_BIOSYNTHETIC_PROCESS","Full Rescue","No Side Effect",0.198605608977087,-0.0525125232643054,0.117361823950101,0.0336824425509111,0.167223704054482,-0.225238776611141,-0.342246401418663,0.0399463806230752,0.54267597413464,0.176298845455396,0.695920048088643,0.173116187660059,0.0682261799570564,0.00646998674772335,0.000657957140664957,0.323915443492505,0.231884808192959
"GOCC_INSULIN_LIKE_GROWTH_FACTOR_BINDING_PROTEIN_COMPLEX","Partial Rescue","No Side Effect",-1.04869282335378,0.155792052189949,0.175457541302719,0.0109019386202147,-0.170291829892284,-0.0112117482870779,0.376576701308435,0.00148387550142715,0.107028075239834,0.0703053175262631,0.9092246194629,0.210880801804916,0.933919002068024,0.00692849649881948,2.42277857769677e-08,3.47017204162422e-06,0.000521446054468262
"GOMF_N_ACETYLGLUCOSAMINE_6_O_SULFOTRANSFERASE_ACTIVITY","Partial Rescue","No Side Effect",-0.626508995577648,0.00100760757658276,-0.0471603355221811,-0.180792218507792,-0.00718273685307587,0.113940956685837,0.380126187936869,0.00196118521143715,0.991710399866524,0.627109519839528,0.0660868062441791,0.958234118740926,0.407461997349005,0.00718867484546317,1.21761530171119e-05,0.000108839834994867,0.0031418295346563
"GOBP_CIRCADIAN_SLEEP_WAKE_CYCLE_NON_REM_SLEEP","Full Rescue","No Side Effect",0.645057390151659,0.0109020738048713,0.191420926061978,0.241885493557527,-0.179384219531721,-0.394511264646542,-0.493910639700859,0.0170924777201711,0.931353084156413,0.134046933027571,0.05970658351351,0.318231244753394,0.030677846110751,0.00742601438151199,0.0237419942167525,0.0359875455374167,0.0621982663171265
"GOBP_MITOCHONDRIAL_DNA_REPAIR","Full Rescue","No Side Effect",0.756529462413745,0.0136802559238707,0.173831389440088,-0.0858458032701141,0.113067990015006,-0.613055193909169,-0.529745158848353,0.000841124504381827,0.922428599077487,0.218874018248655,0.541786321236186,0.569805778579385,0.00295780740629778,0.00955276286294016,6.05652532747189e-07,0.0730725806355123,0.425959433330098
"GOBP_REGULATION_OF_INTRINSIC_APOPTOTIC_SIGNALING_PATHWAY_IN_RESPONSE_TO_OSMOTIC_STRESS","Full Rescue","No Side Effect",-0.419899682669235,0.178174185565217,0.139121238477037,-0.120104708210741,0.0369929096955347,-0.0544856463250516,0.363319968214392,0.0404986002504435,0.0718603320539407,0.157691767827889,0.221580745016884,0.788843408005252,0.693349163387603,0.0104937344014566,0.222612273561666,0.0458034937844679,0.292558420058224
"GOBP_NEUROENDOCRINE_CELL_DIFFERENTIATION","Full Rescue","No Side Effect",-0.450557654686852,-0.0784805544730455,0.0981918162353409,0.00865521461080939,0.193729674737111,-0.00864227124785433,0.239131816855296,0.0307650506604791,0.225964060469687,0.131108533314627,0.893125330049474,0.0368174460910229,0.924424624957711,0.0106659167478902,0.0294889857117923,0.0190917948866346,0.188031201893686
"GOBP_REGULATION_OF_NUCLEAR_CELL_CYCLE_DNA_REPLICATION","Partial Rescue","No Side Effect",0.57497453663122,0.128471001706619,0.0935520583274556,0.0363047980009684,0.0322320987898928,-0.242810159661594,-0.294990766826669,0.00145519256786605,0.111110775457089,0.243630433637126,0.649344234371904,0.775195053941675,0.034689639135063,0.0109609059308429,2.42413884333668e-09,0.000555123287016928,0.010312773646688
"GOMF_MISMATCHED_DNA_BINDING","Full Rescue","No Side Effect",0.554814746802921,-0.114398444938376,0.0726787103610716,-0.0844498088401618,0.138943328062239,-0.356334772200506,-0.384807727521523,3.81840411758314e-05,0.275921653575845,0.487528573170444,0.420175585906013,0.348796303273974,0.0184832310985937,0.0112587638901896,2.37841130346138e-07,0.0155917291397949,0.445437241985813
"GOBP_KIDNEY_MESENCHYME_DEVELOPMENT","Partial Rescue","No Side Effect",-0.560569156850371,-0.113245974644564,-0.0585744206244693,-0.0934948279260787,0.0155352854876928,0.0611320865824589,0.225542771429332,0.0278282581795093,0.0685729549855383,0.341284988378171,0.130995703683764,0.857839030894116,0.48174447102905,0.0113635324717391,0.000249317816594834,0.00190264700809094,0.0171032218911595
"GOBP_NEGATIVE_REGULATION_OF_DNA_DAMAGE_CHECKPOINT","Full Rescue","No Side Effect",0.722177923276277,0.0459405256020698,-0.14929856349676,-0.190226406874529,-0.217363788016156,-0.380579735547585,-0.503002728213537,0.00176645116060923,0.73885305141335,0.280756860833928,0.170630883516328,0.26695894388372,0.0544180519921456,0.011935368806086,0.00228145246570436,0.286764142032073,0.872595679256359
"GOMF_OXIDIZED_DNA_BINDING","Full Rescue","No Side Effect",0.368075455432284,0.00138421048948849,0.215739071613498,-0.0249772829141445,0.0860060601128118,-0.502771575179968,-0.387535176617325,0.0142161719563198,0.98967593694172,0.0473069547987005,0.815423305563659,0.570213435503091,0.0014569353790554,0.0125946736630878,0.000561061575602426,0.539326037279434,0.736438751123627
"GOBP_CELL_RECOGNITION","Partial Rescue","No Side Effect",-0.234680361680457,-0.0622811536758702,-0.019318745428498,-0.0375551701014953,0.0376767514080009,0.0917064772426318,0.105450856339636,2.52710885166162e-05,0.0369811605698218,0.510642795918439,0.203212723465818,0.365087915193148,0.0301098732907512,0.0131964853220651,3.09799028232336e-12,1.27298032985335e-05,7.2740450809243e-06
"GOBP_ADENOSINE_TO_INOSINE_EDITING","Full Rescue","No Side Effect",0.48103805859695,0.112453031002029,-0.03703795711526,0.153055306559626,-0.23016542608989,-0.0787678992841854,-0.40263416495993,0.048883074829224,0.319164186109435,0.74190963481632,0.176661215367279,0.151207251575265,0.620633444450159,0.0135801064061971,0.0702228990087722,0.0687634829265578,0.248757343851668
"GOMF_3_5_DNA_HELICASE_ACTIVITY","Full Rescue","No Side Effect",0.481394847482524,0.0492252263783316,0.0035013798581998,0.117772637985817,-0.0454386380446288,-0.37055277700979,-0.427522816038726,0.00780046210867778,0.681396578840777,0.97668636167377,0.327572140155753,0.788633438106111,0.0319663297499717,0.0139179815367208,0.00152338661980184,0.454988833185019,0.262061553891263
"GOMF_LOW_DENSITY_LIPOPROTEIN_PARTICLE_RECEPTOR_ACTIVITY","Full Rescue","No Side Effect",0.292422793424196,-0.0821888046604,-0.17439531134334,0.105499873956741,-0.0359252618115391,-0.189875176585742,-0.318617979187497,0.00834745398298484,0.363594190516727,0.0567635106565307,0.244572658664391,0.778178730010772,0.140014472945929,0.0148042519475233,0.0833320681602194,0.475368473982637,0.430782646101508
"GOMF_DNA_DNA_ANNEALING_ACTIVITY","Full Rescue","No Side Effect",0.648037483898559,0.0485626710036814,0.101194403845197,0.100684359303795,-0.0980004384195104,-0.566933641795302,-0.455382682373255,0.0104765286794176,0.70739705102041,0.435024942252703,0.437331528697346,0.592451823980893,0.00283391675356352,0.0151426305645182,0.00250010818647584,0.357192510868651,0.138457763044537
"GOBP_REGULATION_OF_METAPHASE_PLATE_CONGRESSION","Partial Rescue","No Side Effect",0.852128132053424,-0.00113950870183803,0.110373097957363,-0.0527760153829587,-0.020970677016492,-0.629459819281166,-0.405629965067565,0.00312075321865187,0.992146710590286,0.342229005515191,0.648771306921183,0.898088620745594,0.000279350636552838,0.0156471441899389,2.30222863864888e-05,0.0893908130142822,0.0446314384901773
"GOBP_REPLICATION_FORK_PROCESSING","Partial Rescue","No Side Effect",0.56328705614637,0.0877255124020024,-0.0155217407767462,0.0359017340599412,-0.120679047250618,-0.39608758150893,-0.344340988652558,0.000134612855006587,0.376461783009796,0.875255550057387,0.716645282140245,0.389533064116767,0.00607008707817009,0.0162423840872816,4.61830194288804e-06,0.190092245908974,0.0276959185520838
"GOCC_MITOCHONDRIAL_ALPHA_KETOGLUTARATE_DEHYDROGENASE_COMPLEX","Full Rescue","No Side Effect",-0.447606052312627,-0.118788098976553,0.285498580785243,-0.253185902152176,0.500341634175746,-0.072935503287906,0.486111919594197,0.0295827300172648,0.397211804306345,0.0448000042951717,0.0741391574415672,0.0137038286105858,0.712527311364539,0.0164780687048409,0.716428418286925,0.19616702849906,0.237773897153011
"GOMF_STRUCTURAL_CONSTITUENT_OF_CHROMATIN","Full Rescue","No Side Effect",-0.266515154428752,-0.00698613554493487,-0.0765708632256797,-0.116450187023355,0.0713583403104379,0.162285633485834,0.298406060532105,0.0190911132764291,0.935274257688031,0.374976323192469,0.179115590811411,0.558060595261339,0.185438913097041,0.01665828185078,0.0485660237462331,0.0777092887645056,0.409328722743414
"GOBP_CHROMOSOME_ORGANIZATION_INVOLVED_IN_MEIOTIC_CELL_CYCLE","Partial Rescue","No Side Effect",0.301954667779598,0.0731182738448488,0.0601279289186254,0.0317708695925207,-0.0772766259248336,-0.231392559660527,-0.179892589048407,0.0034806590400436,0.162396877023403,0.249369676194093,0.541142864880252,0.294725269385414,0.00243492372496409,0.0167611034661864,0.000107757461401225,0.0892359895653915,0.045458922924753
"GOBP_REGULATION_OF_MITOTIC_SISTER_CHROMATID_SEGREGATION","Full Rescue","No Side Effect",0.687484398333019,0.179729307810528,0.167502194474835,-0.0250305454718134,-0.0956600226897163,-0.477963501461824,-0.349305574687836,0.00908328910913396,0.0793288838139978,0.101428831950457,0.804532423420338,0.504312879790727,0.00137438462255211,0.0170921014759588,3.78025051959795e-05,0.0440611990687129,0.0944490313271491
"GOBP_POSITIVE_REGULATION_OF_GONADOTROPIN_SECRETION","Partial Rescue","No Side Effect",-0.874966759751159,0.0235430036480956,-0.0568495890434111,-0.149600033972711,0.00705666479185303,0.309192213589015,0.313567643587793,0.0032918100790722,0.797324255030696,0.535718848929329,0.106419282545551,0.956581231344099,0.0197348122091644,0.0181347986370858,5.0933955947202e-06,0.000770599713740014,0.000122779952129386
"GOBP_RESOLUTION_OF_RECOMBINATION_INTERMEDIATES","Partial Rescue","No Side Effect",1.01078879050435,0.329962368090432,0.0669562413718652,0.157318007781911,-0.289857399930104,-0.33403476191221,-0.350665615006526,0.00298796224155684,0.00211200347668923,0.516853748587732,0.130765391213674,0.0504764758974564,0.0249281643921255,0.0188109258857057,5.08423764785652e-07,0.000378241196116783,9.33564655660887e-05
"GOBP_DNA_TEMPLATED_DNA_REPLICATION_MAINTENANCE_OF_FIDELITY","Partial Rescue","No Side Effect",0.544358707287822,0.0849966652638908,-0.0176369368255012,0.00859003528700349,-0.118694248813669,-0.379381567172436,-0.310303278058429,0.00035619071829763,0.355986936377104,0.847594248763338,0.9254139728194,0.362015759193877,0.004709049212586,0.0194504905483377,9.48380156470676e-06,0.201326194925787,0.0353522319952312
"GOBP_REGULATION_OF_PLASMA_MEMBRANE_REPAIR","Partial Rescue","No Side Effect",-0.741236426015565,-0.0180084037403285,0.0688830584647573,-0.0957706872315299,-0.157774339043106,-0.131907363014059,0.206754333639504,0.0264620150723831,0.769976681524261,0.265684323091648,0.123524590381539,0.0737962919511405,0.133424724942404,0.0202755514982821,5.56941251487789e-05,0.000408131092257029,0.00560571390261774
"GOBP_REGULATION_OF_CELL_CYCLE_CHECKPOINT","Partial Rescue","No Side Effect",0.580969265821321,0.11428956982426,0.0755497447253029,0.0415353717780751,-0.0535587704040213,-0.359125963527163,-0.309192431122074,0.000624762850175721,0.220078256100333,0.41591896629436,0.654065862564322,0.68279449216985,0.00779080928825019,0.0209869669674386,2.32000175001628e-07,0.0165393289339952,0.0115668833378553
"GOMF_STRUCTURAL_CONSTITUENT_OF_NUCLEAR_PORE","Full Rescue","No Side Effect",0.441357654618876,-0.190525240244408,-0.0227243003494231,0.0024679675188957,0.203560727447411,-0.405655692936939,-0.416312286765906,0.0127264292645302,0.130778496290989,0.855630209056611,0.984233063966366,0.251693929727347,0.0245540067691451,0.0211729867354475,0.00334564881376104,0.933217150079384,0.858993190525782
"GOCC_FC_RECEPTOR_COMPLEX","Full Rescue","No Side Effect",-0.519708354850822,-0.300348585155369,-0.397360503766318,-0.297812872341613,0.344032027977528,0.377241079179516,0.530101655325683,0.0338767854299364,0.0649580530839682,0.0156690938227788,0.0671905689896613,0.133074820615364,0.100180767753601,0.0222802940821696,0.0269815453378315,0.0121335600174678,0.181727226441377
"GOBP_CHROMOSOME_SEPARATION","Full Rescue","No Side Effect",0.591591656152821,0.145545774005487,0.134437325774838,-0.0385900400549521,-0.0676002040475654,-0.428308058570434,-0.323107928482994,0.0108469207512774,0.140554094595074,0.172864856533643,0.693524793344688,0.625575970733227,0.00288057608548422,0.0223863177072638,9.35433982868035e-05,0.0823510750122754,0.179780252677402
"GOCC_BRCA1_C_COMPLEX","Full Rescue","No Side Effect",0.551707415683743,0.00751637357349804,0.0118340879721967,0.21604520063975,-0.0118791128317225,-0.427785196929582,-0.517989599170559,0.00803459128197132,0.961812794319456,0.93991128782536,0.17210947458986,0.957328666785276,0.0577200536478185,0.0224678530656717,0.0029725634240751,0.461256389033303,0.175252157293686
"GOMF_PYRUVATE_TRANSMEMBRANE_TRANSPORTER_ACTIVITY","Full Rescue","No Side Effect",-0.595424774583379,0.0256957994237288,0.127057098721513,-0.204776019299756,0.158008207635201,0.215508268099064,0.393770609085541,0.0388343238347198,0.830236682106903,0.291251805127218,0.0913117624450677,0.352870521083515,0.206511924574954,0.0229991629807596,0.0719157601922752,0.269046740173814,0.0756463216706305
"GOBP_REGULATION_OF_GROWTH_HORMONE_RECEPTOR_SIGNALING_PATHWAY","Full Rescue","No Side Effect",0.40096497935336,-0.286994809163795,-0.163415055177218,0.0473352805261507,0.244666235504069,-0.243659496499419,-0.492852309310493,0.0114630488182726,0.0597163284623098,0.27884802344343,0.75268763637559,0.251883789459121,0.253818976304185,0.0231589348555328,0.0174603053556691,0.967701450731525,0.767788063971472
"GOCC_OUTER_KINETOCHORE","Partial Rescue","No Side Effect",1.08974183472962,0.358339253074024,0.156815946542809,0.0594966527304919,-0.375867254661304,-0.491278095710531,-0.38835543456549,0.00324278218517072,0.00351113102398663,0.188548575511912,0.615679757109541,0.0278505106987234,0.00457327850005522,0.0232418201386397,4.13857244697913e-06,0.00118145036989346,0.00108546747911549
"GOBP_PROTEIN_LOCALIZATION_TO_CONDENSED_CHROMOSOME","Full Rescue","No Side Effect",0.726977159768208,0.197600413167235,0.151333498437968,0.0101345382267499,-0.104874248545711,-0.491160614765816,-0.424052271470738,0.000940495800854756,0.134335628719727,0.249692425911315,0.938213451931792,0.571085297399754,0.00980895038478121,0.0247567986160914,1.21977342451122e-06,0.021916473182602,0.0638511062452531
"GOBP_CELL_CELL_JUNCTION_DISASSEMBLY","Full Rescue","No Side Effect",0.428713626423974,0.124158637952415,0.0281949670946442,0.177975327945445,-0.410425939386518,-0.268188349808283,-0.367587596525635,0.0461859344327686,0.275787607434811,0.80362246890015,0.120147882075986,0.0126426073547737,0.0981762511760178,0.0247899425741266,0.432122209693165,0.297988139555365,0.18730286927132
"GOBP_POSITIVE_REGULATION_OF_CHROMOSOME_SEGREGATION","Partial Rescue","No Side Effect",0.796242081537948,0.157246846799089,0.125515600670711,0.0293091041758404,-0.100497531746287,-0.475791320692835,-0.348396974685676,0.000293372570558142,0.148186166769786,0.24692991708359,0.785768071425727,0.510516093280415,0.00266737448353881,0.0252510879862302,1.1278770600254e-08,0.00283127261695176,0.00140184201223973
"GOBP_POSITIVE_REGULATION_OF_SYNCYTIUM_FORMATION_BY_PLASMA_MEMBRANE_FUSION","Partial Rescue","No Side Effect",-0.332990205542606,0.0600241062688841,0.014780619610751,-0.0628130452579079,-0.0621139223694038,0.0986628790358894,0.193730242323064,0.0097945134106983,0.318708972138014,0.805295890495744,0.296933116789187,0.464763165361558,0.247169987040518,0.02526435477759,0.000592024209960601,0.0243985812117252,0.0382977531086689
"GOBP_BRANCHED_CHAIN_AMINO_ACID_BIOSYNTHETIC_PROCESS","Full Rescue","No Side Effect",0.470595366816524,0.174007842067942,0.300642682017984,0.086201604782388,0.0110749479657705,-0.565748045362845,-0.445272842588976,0.0490104129971872,0.210553580026425,0.0326806605338694,0.533065220212011,0.954768421355155,0.00506999658607421,0.0255530421305632,0.00148536365557096,0.319328116718776,0.588876451439013
"GOBP_MAINTENANCE_OF_SISTER_CHROMATID_COHESION","Full Rescue","No Side Effect",0.432328596146686,0.000202904805648097,0.113317380586065,0.117527701312203,0.0771461596026184,-0.469385029898068,-0.445285976374213,0.0295580116725731,0.9988287091843,0.413618813649528,0.396583593971092,0.693278103553718,0.0189725861097286,0.0257057199244979,0.00392120145467133,0.666042634660909,0.553986145956475
"GOBP_POSITIVE_REGULATION_OF_CHROMOSOME_SEPARATION","Full Rescue","No Side Effect",0.57853696216726,0.171395653348754,0.101563006362044,-0.0258489336512539,-0.147545164149911,-0.453104172661932,-0.349455493887879,0.0176395692013478,0.118147675221593,0.351285777585688,0.811849831115877,0.338414678879824,0.00435661352453431,0.0258263053219826,0.00133026882497898,0.226518278350369,0.278909762995386
"GOBP_PROTEIN_LOCALIZATION_TO_CELL_LEADING_EDGE","Partial Rescue","No Side Effect",-0.64911796493025,-0.0453696365699724,0.267264154129466,-0.173761258207831,0.19789185720818,-0.287815611791614,0.309530977343104,0.0368839023543306,0.63879158253463,0.00726591474695782,0.0757942213964119,0.150854866881561,0.0384764688632608,0.0264309029228336,0.0333675286509739,0.00411568582271899,0.0278489262704334
"GOCC_CHROMOCENTER","Partial Rescue","No Side Effect",0.533609017623839,0.13141840194045,0.126667702422615,0.0561803800932269,-0.153683770626727,-0.34294151583079,-0.276059893683755,0.00550965552330008,0.132282384260447,0.146579620972828,0.516684548507453,0.211903827085039,0.00657661951581187,0.0270359579099156,0.000259847882962054,0.0234136178757464,0.0250349535478761
"GOBP_DNA_UNWINDING_INVOLVED_IN_DNA_REPLICATION","Partial Rescue","No Side Effect",0.848801048086911,0.121817944526912,0.017610957127428,0.0782670170684007,-0.162251951380311,-0.422284945412157,-0.342969927066589,2.49177012361637e-05,0.260730458434743,0.870172841982657,0.468550344443,0.289210856419194,0.00719005941851022,0.0274422951086751,2.54956708157951e-09,0.00106210641383647,1.66816606114048e-05
"GOMF_ATP_DEPENDENT_ACTIVITY_ACTING_ON_DNA","Full Rescue","No Side Effect",0.531791181709946,-0.0360017280816051,0.00278906065427613,-0.0259722411558074,0.0482708949687515,-0.3723647633804,-0.309562088111853,3.74529023426211e-05,0.714662763135406,0.977391790795684,0.791917402359225,0.728861536269994,0.00932630109592351,0.0292620352732324,3.20581526205768e-07,0.127543825426322,0.065234801617508
"GOMF_NADPH_BINDING","Full Rescue","No Side Effect",0.501727430721087,-0.00159396586018707,-0.0326850222191621,-0.11590189834373,-0.0565919096700285,-0.243695428737386,-0.254439926317472,0.00139205083872789,0.984279999601488,0.686395591794007,0.155439235770391,0.621202057307822,0.0365175539920236,0.0292720357100002,0.000105375216047921,0.0488152971193415,0.250679660431404
"GOBP_RESPONSE_TO_CISPLATIN","Full Rescue","No Side Effect",0.495635797627431,0.229847942833996,-0.0448713309799824,0.0220832223338617,-0.459620103164479,-0.486102993271952,-0.308146955767654,0.046180791597769,0.0220042928918251,0.647859498339488,0.822033278114837,0.00151256487701694,0.000839843850300184,0.0295633213633588,0.178570335870427,0.85809501651013,0.288982749337714
"GOBP_POSITIVE_REGULATION_OF_RAC_PROTEIN_SIGNAL_TRANSDUCTION","Full Rescue","No Side Effect",0.603895742990601,-0.0922539049829097,0.138592462860721,0.130102855528101,-0.182183850740919,-0.475446407215578,-0.45831999234914,0.0103619103864345,0.529196550288344,0.345510993416945,0.375650595597818,0.380333109330674,0.024555354382942,0.0299682443426264,0.0936003084883586,0.174130486246966,0.160615061697068
"GOMF_RECEPTOR_SIGNALING_PROTEIN_TYROSINE_KINASE_ACTIVATOR_ACTIVITY","Full Rescue","No Side Effect",-0.64213623884238,-0.00494887667043498,-0.184994742122435,-0.0418404430229339,0.0236431339810414,0.296919184863832,0.425411601369463,0.017739805809554,0.971012437263926,0.177645519910344,0.758763184012364,0.902304156826373,0.126859906367718,0.0303499093982101,0.00385705660031023,0.0139906030472893,0.230747351666796
"GOBP_POSITIVE_REGULATION_OF_REACTIVE_OXYGEN_SPECIES_METABOLIC_PROCESS","Partial Rescue","No Side Effect",-0.381943545023487,0.00809630776595259,0.170053900527097,-0.0800297560006591,0.0648034908378181,-0.068043405629028,0.157455565649386,0.00955967157292098,0.872433142157265,0.00125218535392568,0.116196240105915,0.365069019018613,0.341757441733386,0.0303842393339767,0.00238524236440602,0.00593396234706443,0.00276207658839996
"GOBP_MITOTIC_SISTER_CHROMATID_SEPARATION","Full Rescue","No Side Effect",0.630696980881834,0.178354072852421,0.15366050087628,-0.0539714956884424,-0.0777657839710093,-0.443642712868703,-0.319522535259397,0.0156381735086633,0.0852688343106495,0.136925058422419,0.598413063046789,0.591553042821946,0.00314288970386934,0.0304525617972158,0.000149931051195941,0.0773356541746562,0.182397059374505
"GOBP_REGULATION_OF_CHROMOSOME_SEGREGATION","Full Rescue","No Side Effect",0.560457384108734,0.0374289445650069,0.107126161443735,-0.0572553611931947,0.0283427097268095,-0.422447437724191,-0.283447860078468,0.00518237898808805,0.680737721128058,0.241319870597023,0.529472598107164,0.825539369177812,0.00163111665120188,0.0306347726850639,1.79200912315545e-05,0.0931412276189374,0.132272071284045
"GOBP_POSITIVE_REGULATION_OF_DENDRITIC_CELL_DIFFERENTIATION","Partial Rescue","No Side Effect",-0.424027577988458,-0.079642165990168,0.0308223598164968,-0.137104703198852,0.0928015015455777,0.0103425501468849,0.220285879809798,0.000144943494969636,0.26493180373536,0.66475246656452,0.0574252673735882,0.357534931923713,0.918041531919771,0.0315995071232067,1.49952693257549e-06,7.34798130297638e-06,6.57016774906278e-05
"GOBP_SPINDLE_ASSEMBLY_INVOLVED_IN_FEMALE_MEIOSIS","Full Rescue","No Side Effect",0.752235528992593,0.599566562892886,0.374530395883064,0.16817476368707,-0.532135086225116,-0.551264888683947,-0.40440639512164,0.0429210996174956,2.15816690000169e-05,0.00551211689107431,0.200958658869009,0.00530989698727384,0.00396100605550239,0.0317725417883158,0.00442058042364469,0.0456563436561663,0.0731426613733956
"GOBP_ESTABLISHMENT_OF_SISTER_CHROMATID_COHESION","Full Rescue","No Side Effect",0.565498729060235,-0.0552731250041747,0.084430441827168,0.048933902432446,-0.045860070430175,-0.558041263366584,-0.458499836561108,0.000555707209143361,0.709197738326701,0.569207371319008,0.741245837403788,0.826744507259699,0.00961560131067903,0.0318273492047641,0.00190522324549456,0.538992241636356,0.297168629543506
"GOBP_REGULATION_OF_CHROMOSOME_CONDENSATION","Full Rescue","No Side Effect",0.651478682480644,0.0823308175996988,0.136127150345582,0.0494078258909223,0.0164317459093757,-0.544428147319125,-0.419007764593211,0.000682721224380029,0.543712505191339,0.316683184311305,0.715294515373999,0.931607242150376,0.00589323740226111,0.0318427543258428,2.15959786869331e-06,0.124611142929121,0.0750585571490307
"GOBP_SMOOTH_MUSCLE_ADAPTATION","Full Rescue","No Side Effect",-0.734760371469428,0.249346140887628,0.117813030818503,0.061235341828643,-0.100337357617035,-0.0436724897550226,0.443245872645493,0.00401906922288757,0.0868566470166101,0.414063303833386,0.670548823761115,0.622190516478506,0.830040958187177,0.0325706590032713,0.00335114319948929,0.00093797567469095,0.248796290189051
"GOBP_AMINO_ACID_SALVAGE","Full Rescue","No Side Effect",0.364965852168425,0.227114426148545,0.091339521304116,0.128610213406656,-0.18840877514237,-0.218140442678433,-0.368711491303027,0.0137362710892971,0.0614673998769956,0.446400827400272,0.284805830809285,0.268043319750174,0.200497058018785,0.0325899033306521,0.0028448890430497,0.0783125561786996,0.355994951898954
"GOCC_LATERAL_ELEMENT","Partial Rescue","No Side Effect",0.854594512955702,0.201334273667587,0.0499101420576763,0.126668195991451,-0.330456631645544,-0.298928079500123,-0.259989812858235,6.37474714795318e-10,0.01985269744553,0.555249003594923,0.137415706662232,0.00730102522998012,0.0146965484143181,0.0327924903821538,1.14164984653502e-15,2.28243262520878e-11,1.66274231489948e-15
"GOBP_ATRIAL_CARDIAC_MUSCLE_TISSUE_DEVELOPMENT","Partial Rescue","No Side Effect",-0.592241214163144,0.0620742850743219,-0.0682174687041316,0.0116167859689368,-0.0593188286035498,0.138610765354131,0.216811179410116,0.0148836418671393,0.380012031203144,0.334991428229295,0.86909973756596,0.552353225377867,0.167731217488283,0.0328629121318556,0.000415370036037518,0.0017776079608425,0.0293549604124603
"GOBP_LIPOPOLYSACCHARIDE_MEDIATED_SIGNALING_PATHWAY","Partial Rescue","No Side Effect",-0.524471471896092,-0.00687788777301794,0.0427397581417148,-0.0737404750512954,0.0450456624936144,0.030427914787406,0.157798427328471,0.00220478054221998,0.893423003804481,0.406435465563094,0.154363150908891,0.535591074395334,0.675341521984924,0.0329818410105306,2.22746158809592e-06,1.1279426993452e-05,1.82648562248967e-05
"GOBP_POSITIVE_REGULATION_OF_STEM_CELL_DIFFERENTIATION","Partial Rescue","No Side Effect",-0.453355126362397,-0.0751201880940514,0.04608457401445,-0.0982626838088263,0.128583893508872,0.0436208907641944,0.194173526832473,0.0195110768286424,0.238955050561006,0.468418436700272,0.124999598391592,0.155165599471576,0.627056969023795,0.0336613253819839,0.00418729011551184,0.00920990656702099,0.0104755115208301
"GOBP_RESPIRATORY_BURST_INVOLVED_IN_DEFENSE_RESPONSE","Partial Rescue","No Side Effect",-0.457312070945102,-0.097327491495334,0.0310320769731245,-0.142833503149064,0.288833073776994,0.25769088531875,0.229193235445101,0.0154470363684124,0.20144646897343,0.681939884762901,0.0628451553741015,0.00875059718003996,0.0186533257629538,0.0355372129239132,0.0581010312721223,0.229413118525161,0.00818069221606314
"GOBP_DORSAL_ROOT_GANGLION_DEVELOPMENT","Partial Rescue","No Side Effect",0.338739652611514,0.216307756383444,0.021761631224197,0.19200734058506,-0.296411666451733,-0.207621901196833,-0.297582979708485,0.00360043948790562,0.0314708128463872,0.825378258110985,0.0552200388114265,0.0369129037628522,0.140161049365619,0.0361997746620655,0.0145650803704122,0.148720695878635,0.0276359414710873
"GOBP_NEGATIVE_REGULATION_OF_CELL_CYCLE_CHECKPOINT","Partial Rescue","No Side Effect",0.610850178581446,0.10015074068053,-0.0375657370060109,-0.0397181839544457,-0.127019951192566,-0.184888988338992,-0.312011587241685,0.000250526692422203,0.338388309087376,0.718634014149716,0.703274314358128,0.390222616255466,0.212625273787205,0.0376305183795065,4.76132712678121e-06,0.002344056446714,0.0423557662085208
"GOBP_BEHAVIORAL_RESPONSE_TO_ETHANOL","Full Rescue","No Side Effect",0.334951305572524,-0.0416477616124745,-0.15009281436591,-0.0143882154173739,-0.175929733770843,-0.0124249750211182,-0.228650352460267,0.0212973585273965,0.588102024286573,0.0543613799457813,0.851419448765016,0.109090848855773,0.90893259279843,0.0386919777198821,0.321754292955197,0.145484297511899,0.437796709495066
"GOBP_PEPTIDYL_ARGININE_N_METHYLATION","Partial Rescue","No Side Effect",0.992857734916972,0.0245452348796398,0.177592089965484,0.0410828791436508,0.0515634087572643,-0.451918594490713,-0.335251097900735,0.00518448113793935,0.827534078763642,0.118629359667181,0.715466813776605,0.746277750359853,0.00600346060740976,0.0387381753672556,3.3575398690124e-06,0.0017839705892054,0.00238348035799019
"GOBP_NEGATIVE_REGULATION_OF_MACROPHAGE_DIFFERENTIATION","Full Rescue","No Side Effect",-0.417191372583385,0.113519613507435,0.148701416307205,-0.0283912027311877,0.0618200945970808,-0.0235164993477118,0.280036409391956,0.0184407417641732,0.232042057340689,0.119019771475394,0.763731809636591,0.643677358010612,0.86021907898875,0.0393982048611464,0.092334301451982,0.0421261115857839,0.249259966342697
"GOBP_CARDIAC_NEURAL_CREST_CELL_MIGRATION_INVOLVED_IN_OUTFLOW_TRACT_MORPHOGENESIS","Partial Rescue","No Side Effect",-0.75496441017018,-0.0399313807346485,-0.163161814782959,-0.0878599366144409,-0.111424676776749,0.10652519841904,0.198769221777979,0.0349398105479423,0.55208261098801,0.0175037595573603,0.193250117219133,0.242679041484174,0.263784465359851,0.0394971405131675,0.0003216455982406,0.00127624593531727,0.0105799855235386
"GOBP_SISTER_CHROMATID_COHESION","Full Rescue","No Side Effect",0.387045402495956,0.0680084953614634,0.0849212266332818,-0.0321061959117074,-0.0449127104709906,-0.384177614387996,-0.311708039287514,0.0155662116552036,0.518591224464472,0.420666721706175,0.760246009768855,0.762765196064677,0.0119111299820224,0.039533086285258,0.00286132421559521,0.523252680870221,0.753257938812201
"GOBP_CONVERGENT_EXTENSION_INVOLVED_IN_GASTRULATION","Partial Rescue","No Side Effect",-0.532269223919718,0.181394975576112,0.172633289617503,-0.134198417556498,-0.0939814437895817,-0.0551460810301887,0.231148229055253,0.00344396489493786,0.0228956501209567,0.0300369739410225,0.0892026464636711,0.395671920955091,0.617509383487244,0.0395654519025282,0.00047983726196334,0.00113108428010892,0.000633351992278211
"GOBP_MISMATCH_REPAIR","Full Rescue","No Side Effect",0.495621422075638,0.0532879615215162,0.12152321395051,-0.0197726147018411,-0.0979868860861902,-0.456076054506204,-0.283506410440004,0.0121012759157913,0.579901485524088,0.20926260506744,0.837091001828459,0.47208919918156,0.00132602664027697,0.0405152955244542,0.00323017142838093,0.292833264957888,0.20905310876073
"GOBP_MAINTENANCE_OF_ORGANELLE_LOCATION","Full Rescue","No Side Effect",0.280986778321005,0.0495932030232561,0.0953320826633403,0.0700245877460957,-0.0868474489168578,-0.33725874994677,-0.311696993135052,0.0177512556188281,0.639328087719881,0.368848533113712,0.508545645925124,0.561899454470352,0.0271350021143403,0.0405526310576332,0.0290362364175434,0.726456908528753,0.724748426329965
"GOBP_REGULATION_OF_SISTER_CHROMATID_SEGREGATION","Full Rescue","No Side Effect",0.568183334989215,0.0460714684540059,0.113975004933257,-0.0841775428160189,0.0167176967496237,-0.430140127200186,-0.267427210168359,0.00653373975747697,0.612303431032826,0.212432645019213,0.355674029366248,0.896436132889732,0.0013460170491427,0.0407673709364397,3.15647704214178e-05,0.0964519255977228,0.153135064613678
"GOBP_HOMOLOGOUS_RECOMBINATION","Partial Rescue","No Side Effect",0.510621714451745,0.0325736771669459,-0.000722466708122086,0.00513165536703897,-0.0773557368248947,-0.272607176620155,-0.186259730156682,3.58778409792353e-06,0.608181403319932,0.990917624914319,0.935558772266746,0.390243334614446,0.00340498975489231,0.0414416629528566,6.04759759144862e-10,0.00161777588777808,1.1994900877842e-05
"GOMF_EPINEPHRINE_BINDING","Full Rescue","No Side Effect",-0.562954632306437,0.0994834836000277,-0.0974682288822916,-0.0932345029244409,-0.118967815660748,0.405657239866566,0.340774093986458,0.00718532795428969,0.393248329075503,0.402846049298231,0.423472728706275,0.469957033795712,0.0159841489562074,0.0415316752944663,0.000450099612183568,0.124833234992278,0.0574104712979893
"GOBP_MITOTIC_DNA_REPLICATION","Partial Rescue","No Side Effect",0.874217343275157,0.147363020682624,0.0133546953089971,0.0313243113069964,-0.251812778670435,-0.449012395740213,-0.29531905497846,0.00246884471484167,0.146825697208832,0.894477190589689,0.755789080132346,0.0807997335709485,0.00242287234772579,0.0415332827768624,2.89973081989183e-05,0.0172116257505292,0.000917778228647156
"GOMF_ATP_DEPENDENT_DNA_DNA_ANNEALING_ACTIVITY","Full Rescue","No Side Effect",0.672426366505231,-0.0757564501713636,0.105963869473468,-0.0406336083652986,-0.0738905319664571,-0.709827571134911,-0.467806281404023,0.00785059763370284,0.63564029163074,0.507885281392492,0.799259872136038,0.743714152292914,0.00250688525684266,0.0418578121182486,0.012990934217059,0.744591091260855,0.43586684664684
"GOBP_PROTEIN_LOCALIZATION_TO_CENP_A_CONTAINING_CHROMATIN","Full Rescue","No Side Effect",-0.280635626335681,0.162567589785848,0.0240211123777498,0.00707537444351499,-0.10045510181485,0.0257887138751248,0.33506369022611,0.0285601520353681,0.159712049198311,0.834093606249709,0.950797956448363,0.536249548607284,0.873655143874156,0.0422920582556491,0.0721663225778441,0.0575254296655641,0.612809679049867
"GOMF_OXYSTEROL_BINDING","Partial Rescue","No Side Effect",-0.500024829925404,0.0519781969776669,-0.204878765333002,-0.174585254760659,0.0574590817944738,0.280840974474775,0.25933195829483,0.0454791427596384,0.559660918156724,0.0242133898180659,0.0534188474306637,0.648220628679035,0.0287254828069428,0.0428089702596724,0.0451686778276981,0.0296486303638668,0.0331961570799816
"GOCC_HAUS_COMPLEX","Full Rescue","No Side Effect",0.659438786358443,0.240887845440655,0.202783372065324,-0.0877812951647512,-0.186683486014552,-0.50503279652746,-0.358698445109557,0.000792061106064889,0.0559938752109293,0.106118954969703,0.480347307255433,0.289817939352951,0.00536793220519425,0.0445407388518965,3.9410315114094e-06,0.0209096314146397,0.168509592394814
"GOBP_V_D_J_RECOMBINATION","Full Rescue","No Side Effect",0.410897500529782,-0.0173026888789144,0.0967698273957302,-0.0189290785708704,0.0968888357842766,-0.29574780907191,-0.315718693267367,0.0166587752568061,0.874182621888659,0.377343696997021,0.862471822826901,0.531301265063378,0.0593540685712693,0.0445588123137763,0.00080405044501435,0.14761360414103,0.602365201809645
"GOBP_POSITIVE_REGULATION_OF_REACTIVE_OXYGEN_SPECIES_BIOSYNTHETIC_PROCESS","Full Rescue","No Side Effect",-0.261413680586531,0.0351297905541184,0.241583288857211,-0.0170139528328016,-0.0428149248631172,-0.124270307890919,0.170260327542548,0.0222566073715162,0.55189735929931,0.000120143528370411,0.772996790954391,0.608024772087615,0.139753934542457,0.0447030156304066,0.00369645053690568,0.120060296200122,0.243258619101831
"GOMF_ANKYRIN_REPEAT_BINDING","Full Rescue","No Side Effect",0.534662195868995,-0.122388490199099,0.0834208809195021,-0.0329292519003461,0.145600787682232,-0.335841375952018,-0.317178465385829,0.00915055540093597,0.269206942880235,0.450150044232775,0.765173666503476,0.351936404682011,0.0344642556643422,0.0453865894822167,0.000584820031240897,0.0819210437037275,0.255314985948712
"GOBP_POSITIVE_REGULATION_OF_ATTACHMENT_OF_SPINDLE_MICROTUBULES_TO_KINETOCHORE","Full Rescue","No Side Effect",0.718417967589947,0.187939807672845,0.239396840160194,-0.0434836240591872,-0.103266889342845,-0.636060368024218,-0.346974560276151,0.00944395311078538,0.122754638092166,0.0507065631434385,0.718489688484896,0.545351244135133,0.000405307233817226,0.0453977073179386,8.80708335098795e-05,0.116170675904984,0.109299246505033
"GOBP_POSITIVE_REGULATION_OF_CHROMOSOME_CONDENSATION","Partial Rescue","No Side Effect",0.987968530655534,0.205891431610267,0.0190339153736208,0.0779305447481585,-0.171346862093671,-0.437971401398206,-0.344290944792902,0.000656485076022054,0.089497508474206,0.873763061517386,0.516065543244772,0.313857803233151,0.0118376640411218,0.0456737111754399,3.99139104124743e-08,0.00224397912819959,0.000106505047091495
"GOCC_CONDENSIN_COMPLEX","Partial Rescue","No Side Effect",0.987968530655534,0.205891431610267,0.0190339153736208,0.0779305447481585,-0.171346862093671,-0.437971401398206,-0.344290944792902,0.000656485076022054,0.089497508474206,0.873763061517386,0.516065543244772,0.313857803233151,0.0118376640411218,0.0456737111754399,3.99139104124743e-08,0.00224397912819959,0.000106505047091495
"GOBP_EMBRYONIC_FORELIMB_MORPHOGENESIS","Partial Rescue","No Side Effect",-0.473504630239079,0.145325258789972,-0.045110859730367,0.0365907590155421,-0.272020031640675,0.105313067461865,0.168765074459591,0.0140793215231606,0.0157683424986278,0.443543644805319,0.533922710734924,0.00168605820423272,0.207832348430409,0.0457154979013724,6.61059159580527e-06,0.00191718049482638,0.0441078887359699
"GOBP_POSITIVE_REGULATION_OF_MITOTIC_CELL_CYCLE_SPINDLE_ASSEMBLY_CHECKPOINT","Partial Rescue","No Side Effect",0.902039474019996,0.374829828662244,0.222394127915741,0.0590797202309645,-0.207585637071863,-0.576127819932806,-0.357038812530765,0.0112164633792427,0.00363995729085257,0.077567829948072,0.635059343247087,0.240593861932465,0.00168262667497432,0.0459065926509963,1.84990650182949e-05,0.0281019719213005,0.0155535509227841
"GOBP_NUCLEOTIDE_EXCISION_REPAIR_DNA_GAP_FILLING","Full Rescue","No Side Effect",0.435293197890458,-0.000795266297283536,0.0238354998810757,-0.0506635700097516,-0.0496712731859195,-0.292328904748719,-0.365520243029207,0.0152658363082246,0.995018484387328,0.851582756273726,0.691010626234443,0.782814183717185,0.10842793775087,0.0460075305007846,0.0147874803741604,0.290725363198445,0.90365828883668
"GOBP_POSITIVE_REGULATION_OF_NUCLEAR_CELL_CYCLE_DNA_REPLICATION","Partial Rescue","No Side Effect",0.797264443409973,0.0824792340726932,0.00763231227684941,-0.0311174293453405,0.0323148646338029,-0.280246660585274,-0.233129469290484,0.0149921644288583,0.312442824145002,0.925212611667315,0.702096215379143,0.778748690566525,0.017329472156604,0.0461725892782225,3.03225561241138e-05,0.0164250057148238,0.0147851951593013
"GOBP_METANEPHRIC_MESENCHYME_DEVELOPMENT","Partial Rescue","No Side Effect",-0.630698503235906,-0.0147112051293635,-0.0562297369816034,-0.0980849029214222,-0.0292714450161068,0.0579580137052599,0.167730932015739,0.0178923029536028,0.801876966628594,0.339248564593971,0.0980803772889063,0.724132950834063,0.485323106577364,0.0465963200841565,0.00014395731866588,0.000394516269329788,0.00157193413530838
"GOBP_LEUKOCYTE_CHEMOTAXIS_INVOLVED_IN_INFLAMMATORY_RESPONSE","Partial Rescue","No Side Effect",-0.842256837901999,-0.00718552955985911,-0.00686574712349629,-0.0438744644404401,0.248217002495717,0.294390814379677,0.290611563753319,0.0197145935742823,0.943601044852528,0.946106997461298,0.666007380248431,0.0878252564501186,0.0439339885357218,0.0466238236247392,0.0173129787912203,0.0280959092352483,0.0184030828815798
"GOBP_MITOTIC_SPINDLE_ELONGATION","Full Rescue","No Side Effect",0.689179612516627,0.342743132568809,0.057301043917011,-0.0657204189114996,-0.443249569896005,-0.405838640651161,-0.317272577313653,0.0457816463691082,0.00298808412387616,0.606746324324096,0.555092540332308,0.00631710395424427,0.0119836053481052,0.0472270237005034,0.0263949408359205,0.198851736179284,0.248143100336161
"GOBP_MITOTIC_SISTER_CHROMATID_COHESION","Full Rescue","No Side Effect",0.46694413302099,-0.0239517034153749,0.0889886801679002,-0.00246268803738825,0.0905013686442397,-0.459290533147501,-0.365463572551644,0.00327525945187346,0.852967708391031,0.491887252845117,0.984794458443354,0.620786589650151,0.0142734741356389,0.0491245171934652,0.000176826563940472,0.496939116051249,0.486421243894778
"GOBP_RESPIRATORY_BURST","Full Rescue","No Side Effect",-0.229836445734734,0.0272251796329313,0.138828761233022,-0.0759913391801882,0.141367063501792,0.0930512343947462,0.17467303817044,0.00248407241056112,0.66006459555663,0.0278625260167227,0.222099681738106,0.109844565976168,0.289682043575986,0.0494469207259422,0.366511959563186,0.975962185006768,0.0531334229724787
"GOBP_REGULATION_OF_PROTON_TRANSPORT","Full Rescue","No Side Effect",-0.331644092867023,0.150578506765409,0.155577784148087,-0.116265307767031,0.113696899391783,-0.0270791944722242,0.241545526725177,0.0150477673799813,0.0827995217521376,0.0733316300677825,0.178248366892086,0.350023377929454,0.823261782091568,0.0499191861816238,0.559681165253269,0.0785867622518735,0.0739678879766998
