"Gene","FXS-D56-BAY-1","FXS-D56-BAY-2","FXS-D56-BAY-3","FXSB2-D56-BAY-1","FXSB2-D56-BAY-2","FXSB2-D56-BAY-3","SO10C3-D56-BAY-1","SO10C3-D56-BAY-2","SO10C3-D56-BAY-3","11C1-D56-veh-1","11C1-D56-veh-2","11C1-D56-veh-3","12C1-D56-veh-1","12C1-D56-veh-2","12C1-D56-veh-3","C1-2-D56-veh-1","C1-2-D56-veh-2","C1-2-D56-veh-3","FXS-D56-veh-1","FXS-D56-veh-2","FXS-D56-veh-3","FXSB2-D56-veh-1","FXSB2-D56-veh-2","FXSB2-D56-veh-3","SO10C3-D56-veh-1","SO10C3-D56-veh-2","SO10C3-D56-veh-3"
"TP53",0.070934252079331,0.089341769262969,0.11466866371061,0.17723791519089,0.0941136922086194,0.128562879158514,-0.148590823246849,-0.0922715241336967,-0.20135989787174,-0.319324127596152,-0.288426204013582,-0.316703055374393,0.16379984425782,0.055673881411451,0.0498728934104573,0.113376323238697,0.114032620114227,0.0824171415526465,0.227890188103517,0.121985748253929,0.168553656840993,0.0174039277098661,-0.0407526634547075,-0.0935215429610992,-0.133904302520138,-0.124863878415839,-0.0301473769163803
"CREBZF",0.169214232674326,0.163893723856322,0.158245234162466,-0.135824699702813,-0.0403553929665765,-0.10567696161686,-0.0863564264380887,-0.113795660727279,-0.0662251441071859,-0.0897437209411773,-0.170499032568722,-0.139888827726248,-0.18757154070469,-0.0129539148203772,2.69680844375841e-05,0.178597166050851,0.206531759043973,0.193456741120871,0.147102210110205,0.0282132996968123,0.0101296128077237,-0.122802427366164,-0.0718576593839781,0.0693466089058727,0.0490858399218457,-0.00346070579437097,-0.0268312815710861
"PTPN1",0.0240389773486882,-0.0307648432258247,0.0170422676391873,-0.0209828325816499,-0.0266458655521582,-0.0507490913690862,0.0580030640075169,0.103126936278061,0.100843998116352,-0.295315164049885,-0.246323726566493,-0.262361170151243,0.0211063655200512,0.0811256348764289,-0.018081122390857,0.382610895765465,0.339558757782573,0.316416229451182,0.0236401666506421,-0.0714299066659976,-0.131072127821939,-0.187771262661743,-0.0980200070840826,-0.0937241987246598,0.00344736391159728,0.041472086719244,0.0208085747785827
"DDX5",-0.00144237951601589,0.00252337303703776,0.0442459949994767,-0.0462846609768839,-0.0717194381835355,-0.100993562539832,-0.080500500953125,-0.0838317634550574,-0.0686400155469649,-0.151130518053442,-0.150994031257355,-0.120864309743634,0.12769308589392,0.157516085789325,0.127786581344044,0.217151851614537,0.20943075757812,0.198422506094142,-0.0107449784322124,0.0712487910878359,0.0615190064142528,-0.0440629858231532,-0.0631070929787381,-0.0550935747064205,-0.0409388824991908,-0.0419492885360118,-0.0852400506511177
"SLC27A1",-0.0944760395749196,0.0242096576399256,-0.102662061147949,0.0693136394914369,-0.0810906988729361,0.170961517819125,0.146145088058237,0.133223279513789,-0.0336219345352049,-0.160934410056884,-0.0110016558176049,-0.141075504212262,0.184063143069629,-0.0576245712532426,0.0417827503801167,-0.00654077545271115,0.00369975676507117,0.120072221681996,-0.0328726698625079,-0.183784269144109,-0.00483205252952601,-0.0104094428985313,0.0036480203809095,-0.0553013326873195,-0.0266931077078763,-0.036976421941155,0.142777872894595
"DUSP1",-0.00455551531432441,0.101311558454231,0.0261386659507501,-0.0684365862482537,-0.120041722534639,0.059139198816144,0.194546831284754,-0.0143276748492429,0.178838424324949,-0.0526552408272156,-0.0802605238759355,-0.082926816034778,0.113288925664563,0.0397748346881226,0.0646691565112558,0.0921988435152095,0.0170577050946097,0.0886623728899423,-0.141194355068089,-0.161027309180694,-0.0166068537345527,-0.135236081852016,-0.0632826517915852,-0.186533888277578,0.04770259854517,-0.00615201673351251,0.109908120582677
"TREM2",-0.122911856354398,-0.122911856354398,-0.122911856354398,0.0849859725838211,-0.122911856354398,-0.122911856354398,0.0824388584765776,0.215684270644286,0.070939627476629,0.0664742235683935,-0.122911856354398,-0.122911856354398,0.0828662277073065,0.0735539819603721,-0.122911856354398,-0.122911856354398,0.242905549528693,-0.122911856354398,-0.122911856354398,-0.122911856354398,-0.122911856354398,0.163206842774637,0.082069710416298,-0.122911856354398,0.322848292617889,0.155045278116854,0.0777471530898124
"SREBF2",0.0205796485801137,0.0109528284740552,-0.021233493579615,0.122597213373467,0.0924066762179265,0.170987510693331,0.295606123633545,0.297941395625459,0.222266903183977,-0.339644404383872,-0.344884078645521,-0.387950295311386,-0.0153031877594607,0.00673459346333338,0.0138121221924372,-0.244477537922204,-0.260455256082603,-0.194195628392729,0.0468952827112119,-0.0543102233850234,-0.00854058814348413,0.0120066267975147,0.0275901668205574,0.0219447536317059,0.15241194053621,0.141651568252289,0.214609339418747
"ZNF385A",-0.2411434763515,-0.202101040956222,-0.310466306810227,0.279695587649647,0.158698234451625,0.452342576216029,0.239717126396272,0.269688541455311,0.284500894078324,-0.343492519966553,-0.428627211636194,-0.55377538791929,0.133769025504623,-0.0911796433062388,0.0814102208836065,-0.000716360478927314,-0.0790900952778699,0.0415911148761516,-0.178717449635398,-0.365777378670707,-0.15966201398636,-0.000136988271954408,0.196188633351108,0.15124033614398,0.191778610463276,0.197436393587626,0.276828578209841
"ATG10",0.620315194119776,0.455982125693989,0.548320957354491,0.230653843910176,0.266253427479683,0.318935361844561,-0.108043910454178,-0.279141442299405,-0.213545421262406,-0.260557260242193,-0.199315060485722,-0.196934193463912,-0.393085642172977,-0.432350946626146,-0.340002273616971,-0.614384914301946,-0.463250212123741,-0.619925572985073,0.399698888633788,0.361249851630975,0.381058500347327,0.351882345010353,0.331753342472803,0.294913003577205,-0.117173650122984,-0.0936832149223186,-0.22962312699514
"MBTPS2",0.0617935843579982,0.0818156760526847,0.199070621775013,0.134597530540539,0.170884808159249,0.0171824578338224,-0.160388956633771,-0.178390945705576,-0.0998306688977717,0.0822934115004124,0.165529473046412,0.196504960348113,-0.271912749870214,-0.0615123847765879,-0.0653419740427701,-0.141194875520894,-0.233957445011052,-0.285104748100078,0.115216406506239,0.0650955370903592,0.0499231427079163,0.0872129589168207,0.0688677807886009,0.0383714655912808,0.0185897952011977,-0.028830885914207,-0.0264839759436892
"ATF6",-0.0110158675575533,-0.022374446769744,-0.0674088545431815,0.18717706754998,0.162622494009995,0.0539701611612777,0.0485235063083831,0.066306638523498,0.00193337183829811,-0.058957842839817,0.0298852655319468,0.0755893366216434,-0.20174789229921,-0.0562627309996095,-0.0872045203251623,-0.243057158630531,-0.171970759493288,-0.232403611187932,0.061231858631313,0.132911576716813,-0.0488711307566341,-0.0340729750165885,0.0395657084769354,0.041512945460159,0.156779239117236,0.106276956073824,0.0710616643979876
"GSK3B",0.120427521809424,-0.00437107722321173,0.0645885167241271,0.0415191592294146,0.0372861655273162,-0.0747823074612359,-0.124052254072401,0.00647202114853584,0.00614054555475896,-0.09653332590476,-0.157868950230174,-0.0858059316442894,-0.224165956688815,0.0566339769071824,-0.00632446697764699,-0.12520554383541,-0.0813210314713313,-0.100836847954229,0.110462987115106,0.168446181345546,-0.0680625313809795,0.0690371085637427,0.118726574061329,0.153519214381657,0.0839698221645158,0.0755783087839834,0.036522121527895
"MIR186",-0.136503356051082,-0.0973512265575947,0.0416833309745357,0.126635430970646,-0.0161886105170677,0.189324800160909,0.0536104133830264,-0.0713110731797775,0.0791279141710088,-0.0919803185319399,0.090827613889287,-0.156296555859528,-0.117798775552977,-0.142193470465968,0.0609030925112872,-0.1056301997645,-0.0392991680967265,0.240317692244174,0.118381854539223,-0.137351398887095,-0.00258306528751717,-0.0854974176612506,0.0448317004035683,-0.0798821293462142,0.126779672198186,0.0226520251759279,0.0847912251374385
"CDK5RAP3",-0.139212497825991,-0.01070965638411,-0.0571337997555315,0.0167605598707592,0.0309607979779649,0.107871369655996,0.00740924706056312,0.04880635023199,-0.212976734991084,0.0409163025864334,-0.050583490820312,-0.0678194606691438,-0.067833975009238,0.0174288297057288,-0.116344427678742,-0.0144953771405962,-0.0185682819205475,0.0317672994924436,0.000702816609591039,0.0357445639633234,0.114610299556094,0.00537574907464666,0.04543552413576,-0.0567265126535794,0.0870932139507694,0.0671465439332408,0.154374747043569
"ATF6B",0.0360841666057237,0.0485307895609068,0.061295613311179,0.0964604780975282,-0.0450154414843666,0.00112589334960411,0.102682082064923,0.0917922779970617,0.0427243273049811,-0.16796796294604,-0.170666759436198,-0.206054258793888,-0.000932331248780116,-0.110056057538189,-0.0651374905535977,-0.0246801405181127,-0.0282258550980661,0.0241908105968616,0.0637390225035102,0.00292509637701244,0.0667375563399268,-0.078917540718793,-0.143716749813642,-0.115802053545213,0.194816457750484,0.160285989188608,0.163782080646589
"HIC1",0.239747994634206,0.0498492320168058,0.140139999606188,-0.125287734359096,-0.101859176431929,-0.272048599709461,0.154819942732058,0.221299999868212,0.155288828866699,-0.111108331153354,-0.0234842381085425,-0.0148755821011743,-0.113079831341887,-0.154262750840154,-0.0812631637060353,-0.0495101356424064,-0.241891949209504,-0.168748137410637,0.0508655615923193,0.00791433096208571,0.0501257895743308,-0.2154229357164,-0.0656581885592029,-0.113551023118134,0.205531318884594,0.272533665472259,0.303935113198171
"RPAP2",0.682470440043604,0.561082318608422,0.49437135740749,-0.197247739517875,-0.0729833273483411,-0.396478423731397,0.156653296951378,0.289428709244875,0.224110041185968,-0.256575288384516,-0.286557410201564,-0.197183595177989,-0.509680987084851,-0.431920682155203,-0.382300844668622,-0.584745554305231,-0.663067138741606,-0.708292892697537,0.409058756464329,0.526325818577034,0.396651376242549,-0.191683257841024,-0.0641487396185987,-0.0661882256893485,0.395998719558232,0.408158678926982,0.464744593952851
"ARHGEF10L",0.199768353607446,0.299149078920573,0.21187878917006,-0.0873205646265838,-0.126286183617326,-0.0386463937918027,0.2384008574983,0.266870794541111,0.249465245551553,-0.244898430427851,-0.382411065988521,-0.297153533364295,-0.0369921134061038,-0.0995216413859144,-0.0832013815356021,-0.403782038136701,-0.353258657624657,-0.411755262969896,0.292004665094439,0.0790986708748207,0.174520278021511,-0.0614054741311509,-0.132705661890068,-0.151967092517287,0.308114325784775,0.250918390297606,0.341116046051537
"ATP2A2",0.133758268005961,0.0758308526869858,0.0720563312046494,-0.130729235129472,-0.137130069413747,-0.222363863894554,-0.039429372072691,-0.0199165320087129,-0.0218709118982581,0.0466099249859511,0.0402394554732659,0.0352118169478395,-0.23329265292775,-0.0292392650913467,-0.0469575429294071,-0.0499958164742935,-0.0385953389852691,-0.000342501103871129,0.179069013293379,0.175532504148881,0.0412992047790102,-0.073785481133525,-0.0519046542887462,-0.0895020682207353,0.130064077984214,0.1107116755971,0.14467218046517
"DNAJA1",0.154832723970113,0.175598249627299,0.221346857709053,-0.165255147309065,-0.213373817265843,-0.165265011475656,0.0211352219753156,0.0181226983162226,-0.00403556206192235,-0.0278879356449746,0.0511069709093857,0.00981014516759338,-0.0519637818435292,-0.0878428058436782,-0.065837039589141,0.0506111103081839,0.00171601974838786,-0.0291810326957513,0.0816834668680482,0.173574877903368,0.161999556924281,-0.0649959856787259,-0.142768228378934,-0.169884603600142,0.0381849662010492,0.0232119094173182,0.00535617634185392
"SPRING1",0.145663265809965,0.178105063931232,0.212474975401266,-0.145792250559605,-0.108084249277082,-0.116594245723123,0.0133993062761739,-0.0306746319156819,-0.0184944686950193,-0.170666912032658,-0.142066898963611,-0.148700139533274,-0.0282916647005216,0.00433596210420539,0.0335705674004192,0.163451900499915,0.10345487026755,0.146317250370023,0.195153733875181,0.183978072074389,0.103092375361115,-0.166128197295778,-0.152347480225158,-0.247852979946758,0.0309554673542465,-0.0479105301245486,0.00965183826712135
"ZNF675",0.17681276398592,0.0311253837304903,0.0736084575280032,-0.000853576439615367,-0.0324727395763063,-0.0222246176578551,0.0710035810515333,0.0706259665532283,0.161743263524222,-0.102907541257748,-0.0829384287071075,-0.330794598044063,0.084764766289064,0.113058429254327,-0.083444344708397,-0.191332619704616,-0.0658980503614206,-0.205802299989481,-0.0310783469026781,0.151948927565448,0.184757877976221,-0.000909482887818669,0.0151595970266065,0.122341401202538,-0.0965446543749646,-0.0422914171751128,0.0325423020995572
"ING4",0.0244334624171376,0.076108951127269,0.12090078458264,0.051485607439524,-0.120130821729054,0.112906192720367,0.145160149705724,0.104157137158934,0.0152078384393999,-0.14248169502873,-0.133007350169747,-0.177393528215356,0.18270939187499,0.00271404890278504,-0.060617594774774,-0.0871352350017265,-0.0881040409062219,-0.129847063793489,0.0496854944951259,0.050709969263151,0.177967267406018,0.10002681600989,0.011279722316683,0.0160366861818186,-0.0681039053671473,-0.12921619508192,-0.105452089973241
"APPL2",0.193501528015791,0.177101157872169,0.200829008817239,0.006353130605536,-0.0041907099326739,-0.0764329477437169,0.00682711275874226,0.0637817703489265,-0.178389771353526,0.0209770982788111,0.0527166198940758,0.0193836592291792,0.0976896128446718,0.09714453956345,0.0714944808713156,-0.402806457002876,-0.432094136020028,-0.355997417295949,0.118641390487976,0.0503946256525314,0.173223133730588,0.0394150268501878,0.00513933616100992,-0.0829169845722877,0.0469358593558979,0.0906757793452897,0.000603553237636945
"NCK2",0.178770521408746,0.181888692890071,0.122540314064514,-0.242659101807668,-0.133785248929811,-0.0087061624147875,0.0805786006373737,-0.0223926785401822,0.031077656094384,0.0629017679240285,0.0158960420246466,-0.00307542465098898,0.0509618008676611,-0.000623961670216389,0.149461947845024,-0.175071020744902,-0.250732157841181,-0.237467330664973,0.037309608513894,-0.0494238008123862,0.0883540953951414,-0.0884295287354124,0.00708618191926114,0.104179210921938,0.0200183916423544,0.0104581941540332,0.0708833905093815
"CHD5",0.633881872345031,0.59289850405054,0.66666136896673,-0.793619776787022,-0.782277355415662,-0.889663048696983,0.0352597722303578,-0.0226434193255329,-0.0623360515728617,0.284509407202787,0.330279712493063,0.237778839051506,-0.0398572256990466,0.0168190259811176,-0.000960452200867934,-0.87076817021388,-0.727707335554603,-0.900264426746668,0.816386385571708,0.642525252541654,0.692570430843467,-0.160254939678504,-0.0665980566134614,-0.251111299582551,0.183322567084575,0.203475688656129,0.23169273106892
"MAPK8IP1",0.293335254539624,0.376668672160051,0.301493302181012,-0.269362108812199,-0.28283293820532,-0.118260252871611,-0.0423000820738917,-0.0266265192574142,-0.0159771705375942,0.00940411727648183,0.0155278854940395,-0.0775685501581513,0.104448678614919,-0.106577728110393,-0.0308372612473296,-0.188407224045219,-0.299087206327782,-0.163052499997878,0.237825128414187,0.00958007664537597,0.208418816231244,-0.103297192973638,0.0298320081142229,-0.0497905049504901,0.0241275647283459,0.0291496243507829,0.134166110818585
"EEF1E1",0.0170918035453695,-0.0286622482770742,0.0325188857100862,0.00456486250869048,-0.0572681526374392,0.215733064035312,-0.0020463236671926,-0.0933603144742836,0.0661191143356756,0.114151369789422,-0.0502558972022484,0.0809281619846587,0.199290424668805,-0.00353624421181209,-0.0074190314357967,-0.021886933090439,0.0070359835033944,0.056915847732327,-0.00468719535985684,-0.0806804551398503,0.0349491776183797,0.0895504680347265,-0.0351582709140423,-0.177508362337605,-0.0609922886174399,-0.0817185838924033,-0.213668862209341
"BOK",0.353902911176544,0.297337813240375,0.376521494093256,0.107694452871877,0.0242543932211507,0.211223351680683,-0.384103190556784,-0.47633238351059,-0.563906737790262,0.268327281494004,0.386592571165439,0.50940195984394,-0.0412992807679178,-0.185764946367042,0.0267801845044158,-0.31750281543626,-0.278845822773867,-0.21388430515584,0.511326803121099,0.309835178690678,0.491485153379795,0.073748241399171,-0.0774865941307326,-0.101340491248052,-0.437293879751106,-0.338549447398115,-0.532121894995893
"EIF5A",0.0806584969372128,0.137184174730045,0.0574848522304627,0.0212240248453419,-0.0468329719471843,0.195106740303233,-0.0399810813915504,-0.177707999018658,-0.146801116437196,0.0992696755335221,0.101808399694178,0.0407016964355655,0.128960263298085,-0.0570487609875343,0.00728266060946758,0.136923159469438,-0.0385246577610658,-0.0464863857740738,0.024359016661915,-0.0565711249172995,0.0785073337868276,0.012862528547938,-0.0885884482941641,0.0307810310862955,-0.191657062647318,-0.168981996680486,-0.0939324483129926
"SCAP",0.033131867565622,0.0241660607117709,0.0131831628091046,-0.164829767887909,-0.112849881145156,-0.052681795938069,0.109637423314595,0.0449536021187722,-0.0244496662156131,0.179842198465579,0.129136203982547,0.0370775371278178,0.093316986485025,-0.0214302224007277,0.0018955140213226,0.0882269163837996,0.124094640183252,0.116778971904266,0.0358280480450581,-0.21702332012495,-0.0471071703407357,-0.106816917342162,-0.133062309052765,-0.190949643405974,-0.0530392897684262,0.00867639748199522,0.0842944530219079
"MBTPS1",-0.0566664882245806,-0.104833791283998,-0.0170925156475423,-0.091570697776957,-0.107325231010741,-0.0880544796865816,-0.0311690046738917,-0.0431479451949883,-0.0568507989633105,0.1448858879798,0.164573872142311,0.0970544922528358,0.0504781474134699,0.09233443620451,0.0341157530292797,0.0532734528960361,0.143575854183259,0.1225308787823,-0.0282877868312124,-0.0433302192487428,-0.0311985749809622,-0.0500861304569504,-0.00302557268610748,-0.0647542812701936,-0.0366076282843011,-0.0448440593254436,-0.0039775693373123
"SREBF1",0.170180829520792,0.303147712393093,0.0895784292271582,-0.26353110068767,-0.274476400935896,-0.118993921853114,-0.130930171247112,-0.161142761438541,-0.254723701681337,0.208229282968027,0.270173292084873,-0.0322493470040044,-0.111003840256831,-0.089647534934743,-0.147973303112805,0.209411926514184,0.101115426159051,0.221722703177894,0.31350562469569,0.0940283297544315,0.228458260816879,-0.108732440146419,-0.16974056395466,-0.2102516554934,-0.167470448112882,-0.0783431244226573,0.109658497969988
"ADIPOR2",0.0386316185660345,0.0436775549154245,0.00904313528803513,-0.0448161707732311,-8.23197665305031e-05,-0.133197726057432,-0.0806343918786538,-0.0402027958033173,-0.0546139644933437,0.101181425892808,0.0269007950444813,0.100692807961662,-0.0750373766354535,0.00372979347402413,0.0886377089524881,0.155945265018849,0.129492446587635,0.125952906932712,0.0756123172139169,0.110016511201941,0.013015669766915,-0.0593545782882128,-0.148859200525363,-0.101005156896992,-0.0779010374128504,-0.0903330312659012,-0.116492207019647
"HEXIM1",-0.0182380541647937,0.109606151855205,0.0779031128404668,-0.133175506340478,-0.146809252311703,-0.0225468326736848,-0.252092783473794,-0.123213313587895,-0.173774741892666,0.143820315947808,0.121782701476926,0.179441415079689,-0.0800689748027423,-0.0355952827426584,-0.0636978534620791,0.322340338162929,0.340462175155762,0.404243670663433,0.0547484935582379,-0.0255158895841827,0.068243645563923,-0.0633137231954777,-0.0399172293617962,-0.0796008139487991,-0.13801439818902,-0.213085836701424,-0.213931533871223
"AMFR",-0.0544956978769964,-0.0234681501194931,0.00152692264589049,-0.0639951811709611,-0.176089249248227,-0.038785602683669,-0.234165884848077,-0.119280387227123,-0.134268505199076,0.271780401306819,0.242024080566699,0.234815087371276,0.106339067317174,0.0654400695046959,-0.0130883664022896,0.206115216049186,0.216957577910113,0.153190232530505,-0.00173037684710131,-0.0242901806483466,0.0307158248387864,0.00167363587353364,-0.156574065323804,-0.0701608673850416,-0.206180587819123,-0.149172691399453,-0.0648323217158939
"MYC",0.0603565192372528,0.059819109441321,0.0965866501635677,-0.127298845368614,-0.299606369879129,-0.262956635716504,-0.244758165482125,-0.16940682835277,-0.152516401267118,0.220433570296528,0.316034499556341,0.313913923600506,0.107247249824255,-0.0102062048104976,-0.0415443129675843,0.102028139823048,0.198598607768087,0.30736649076281,0.049619776091788,0.0219071580805519,0.0728628444845736,0.137067041072671,0.0313561943355722,-0.0230506406889575,-0.234582771506316,-0.372463145962975,-0.156807452536329
"CCDC47",0.00205912990648649,-0.0120595592372599,0.0175916217084744,0.11903234391329,0.00249132694555065,0.0374558670754794,-0.0787949939153059,-0.0438447247863181,-0.0728607482938273,0.0983321398542749,0.0745120337988023,0.0638247018366762,-0.176242008967527,-0.1397986705554,-0.0647730482078366,0.117692305141976,0.166841179164345,0.0888969253581173,-0.0287037090810163,0.0125670188440363,-0.0127165712845283,-0.0765668714837915,-0.0556747851991819,0.0329377369524142,0.0179295994542841,-0.109007076216358,0.018878837274185
"CSNK2B",-0.0425030092869232,-0.103865995954017,-0.0910786054340722,0.0763826136035863,0.0594964314732813,0.0457318216582845,-0.0420276990273365,-0.0908461462689534,-0.0542842906256666,-0.0848400136486642,-0.0558062594994855,-0.031877499885363,0.134151002994102,-0.0259068716609381,-0.0113749630395805,0.190108624319535,0.216118987909832,0.302950419710942,-0.08778471482192,-0.0335524394342706,0.0871598644565754,-0.0376790382803875,-0.313008811156818,0.0915069886823368,-0.0396169095585108,0.00148938310750069,-0.0590428703330321
"ZNHIT1",-0.100062362590281,0.0735536458464381,-0.0441841628170412,0.0630190389425795,-0.0301920012333667,0.0736303655026607,0.106065190155388,-0.095320587937147,-0.0643306008017159,0.0444768878799966,0.111277732126837,0.0570935303431526,0.151369350671834,-0.0186598874546853,0.0272080685003679,0.262447742885218,0.224563173573152,0.248398524794984,-0.00762449777867147,-0.143334067714317,0.0500291698343283,-0.0597609397026666,-0.202060794313827,-0.14844469012718,-0.209571222172766,-0.233584934008112,-0.1360016724052
"UBB",-0.118188366101913,-0.0376514750454273,-0.0862409340652235,-0.0588545800718716,-0.217456950303186,-0.064748778211408,-0.0314349502602855,-0.10046196551639,-0.177759628749923,0.108628214298175,0.152437790701965,0.113613030628075,0.265032364470128,0.116377003900457,0.155755254016743,0.507329329583388,0.372426032118938,0.444290714276402,-0.102720754324631,-0.172979518029305,-0.0371987644601735,-0.135278861083362,-0.157564103694344,-0.174858779833952,-0.239153366904938,-0.195067693729296,-0.128270263608547
"ABCA7",-0.134848399680928,-0.197045315279377,-0.209348880509056,-0.187152084440569,-0.187257195275128,0.129394304826389,-0.072536518161499,-0.0656333888490508,-0.127079649102665,0.289930752652753,0.210504460624081,0.213766194216815,0.0692134238732152,-0.105962344582549,0.0118247295269605,0.235767910641178,0.211417056461595,0.141381958550115,-0.178924350650869,-0.300732684336575,-0.0838462053547584,-0.0513705975277308,0.0534858973211438,0.115656044772694,0.115677968287663,-0.0114661989469376,0.115183110943137
"MSX1",-0.293976472196828,-0.371791739358354,-0.488229494042358,-0.440029096685031,-0.642194652113272,-0.309769339011952,0.166549582668633,0.158904749424293,0.124131322983214,0.898696863659262,0.93629992215515,0.795063951096459,-0.119218985844087,-0.237108000513478,0.000168006022889244,0.103635824468476,0.0726369520316279,0.0262487848169517,-0.52400983801585,-0.606749247017456,-0.396126111185358,-0.0155780850013407,0.0645581821716963,0.215079756706059,0.310084093264262,0.212243026936097,0.360480042580276
"HIPK3",-0.106543800606065,-0.125866425159552,-0.14636743172025,-0.11722493148522,0.0369968085786496,-0.145485419573284,-0.154998118318266,-0.0579741379342185,-0.0225842862364285,0.352433569083406,0.35744031957242,0.333628254757885,-0.286581042285654,-0.0611460913029696,-0.0260778981076406,0.177951128034978,0.0902467285042654,0.176522319122126,-0.0277868448555978,0.0180610772800556,-0.230994234136039,-0.0450656626521582,0.0512324014870522,0.07773662368513,-0.0323482575681968,0.0266333936156027,-0.111838041779977
"PLA2R1",-0.125087792264342,-0.119558371781618,0.0498430809021961,-0.244462139125374,-0.0964101463659377,-0.164699705358637,-0.152785851964954,0.0928949240424837,-0.104242178615581,0.491592866239764,0.369915962171717,0.539173616912101,0.088068385987687,-0.0309215067582018,-0.0315718705419643,0.0284191569104353,-0.0957583740530357,0.189972329594698,-0.191346657166043,-0.172603433399908,-0.130429031755352,-0.0458052256357933,0.112894552148947,0.0578673563283427,-0.18680848482169,0.0148609031981666,-0.143012364828166
"PYHIN1",-0.0099126205650597,-0.0099126205650597,-0.0099126205650597,-0.0099126205650597,-0.0099126205650597,-0.0099126205650597,-0.0099126205650597,-0.0099126205650597,-0.0099126205650597,0.257728134691548,-0.0099126205650597,-0.0099126205650597,-0.0099126205650597,-0.0099126205650597,-0.0099126205650597,-0.0099126205650597,-0.0099126205650597,-0.0099126205650597,-0.0099126205650597,-0.0099126205650597,-0.0099126205650597,-0.0099126205650597,-0.0099126205650597,-0.0099126205650597,-0.0099126205650597,-0.0099126205650597,-0.0099126205650597
"DLG1",-0.018910033863655,-0.0875921701612192,-0.0592759948352555,0.104053606101456,0.202571985056336,-0.038684099424831,-0.102620065729846,-0.0215284471319777,-0.00852355949853667,0.184850774495228,0.089756560703016,0.141177577020843,-0.0419436679133796,0.0215477336569148,0.0313214527328736,-0.0531888693448455,-0.138290389304844,-0.103187211714172,-0.105356305083749,0.0148867541418483,-0.0919264684055321,-0.000538003649799279,0.0414039728740896,-0.0311787817382339,0.0668060613074388,0.013361387398918,-0.00899379768904751
"ANKRD1",0.0437657003206295,-0.207421078513745,-0.201911319481184,0.0645694582680809,-0.161069152002657,0.176164216071402,0.0384816377882604,-0.24296826237018,-0.147407578531313,0.883919700346565,0.909150909330647,0.895900018651254,-0.276887886302106,-0.28620013204904,0.00921585173244654,-0.482665970363811,-0.482665970363811,-0.0672391872137679,0.0385919529050405,-0.000452434881358599,-0.126708266078372,-0.0786906596150496,-0.00373926597927987,-0.340440114699935,-0.0153327972180861,0.0353614744951889,0.0266791557542145
"PMAIP1",-0.827910510685497,-0.79222596780291,-0.707542456382862,0.405279148310536,0.489964085935076,0.597581761718056,0.280220135159933,0.188352168306313,0.138618005174527,0.127695147383532,0.124185885947146,0.0388710605539977,0.210035365029382,0.123567672831843,0.115683151335528,-0.107476075725799,-0.388834711682604,-0.128663573883065,-0.943009856669411,-0.723252332381941,-0.725051079833507,0.507948906239074,0.526308192056828,0.609021431881731,0.271520191249113,0.285170082520997,0.303944173414012
"SPRED1",-0.0976923439109054,-0.159872248316422,-0.150367192827037,0.204702363523257,0.205969013014752,0.184255659432347,0.0309479574285891,0.106224768251389,0.0363402295462532,-0.0487781666396145,-0.0966130435802253,-0.0502284584835735,-0.0222590313366844,0.0802563086778161,0.123341261420386,0.0955124688002371,-0.0512815413824192,-0.0236575853989081,-0.177735585726564,-0.104801642570113,-0.154770820752594,0.0818480741988932,0.104390628338209,0.106665256334272,-0.101754492786258,-0.0373459679237929,-0.0832958673314135
"ATM",-0.18088460967015,-0.286926545694939,-0.220331512336882,0.156300007480464,0.254628119038898,-0.0136968455996023,0.005101145292981,0.122101685321105,0.177703569368131,0.0401455313402899,-0.0106497761681865,0.0970724014924915,-0.349115447052483,-0.041504202563889,-0.0142007028750051,-0.0605890925767749,-0.0511891780630283,-0.0717362473777641,-0.168207711497168,0.00449747016076785,-0.327839433330531,0.0970292912472512,0.120986050745479,0.189472028339548,0.202710921893564,0.152610658889188,0.176512424196284
"ATR",-0.177724407741261,-0.362596729018138,-0.218462066576016,0.0107296603308242,0.114518231399853,-0.115564816070679,-0.157302790521994,-0.0103918118835686,0.0205100470455282,0.150952271196038,-0.00201435034366604,0.086928550060021,-0.116799855886798,0.060421944254891,0.149627737268046,0.198950014173738,0.219594485130505,0.117288619136602,-0.187467450743471,-0.0062565454017971,-0.246646659103147,0.00157799018847626,0.197204184546552,0.186028763102161,0.0689210133448768,0.115808790759768,-0.0978348186473479
"ACSL1",-0.0978492099400299,-0.0365418196784599,-0.12420269730046,0.00665410254239696,-0.0279615826052027,0.0551823774410352,0.169476844425471,-0.0361755858161867,0.115245378534881,0.0427705875633322,0.061909293029732,0.0374115096657714,0.0507773369730682,0.117094868084429,0.133779492568607,-0.24298085958859,-0.11929895171949,-0.202076238430168,-0.097612830130819,-0.0857481176836359,-0.170941004184067,0.0519383651753103,0.126711035764473,0.100804141123565,0.108994603800522,0.0512081048257702,0.0114308555588121
"SPRED2",0.0411854045190303,0.0257299103131459,-0.0268156782946782,-0.0191753433792492,-0.0917909845902436,-0.00351490990108339,-0.0489893331213072,-0.0135036602299081,-0.0680559646255112,0.12847364569185,0.0170875368030039,0.180902811698655,0.0725547454427122,0.0749394028980905,0.0756613101932757,-0.0825262700488594,-0.0142264015528948,0.0218749644031071,-0.121600370420284,-0.0727788145699506,-0.128929957696078,0.00974677787950107,0.129091917669232,-0.00910898148725003,-0.0397807203961911,-0.0259993788694146,-0.0104516583287353
"QRICH1",-0.017897879511624,-0.0454235543577877,0.0409138341644883,0.0269103635499217,0.0196392001454111,-0.0109439326065708,0.0555514854180075,-0.0136749469976944,-0.0133466888686566,-0.0856698527684276,-0.0427200806109997,0.017628657111862,0.118254715400758,-0.0766887716232407,0.00519834491104731,0.0442766306287883,-0.0366355051771023,0.0221715285187756,0.0216368160439373,-0.0434485389783195,0.0356357091502577,0.0059736223199689,0.0427740696728947,0.0459946006520155,-0.0387536814456428,-0.0348667845832047,-0.0424893601589318
"RPS15",-0.236642853831077,-0.0794488668780176,-0.186850574333617,0.0498936218989474,0.144780332779275,0.415490397988091,0.204155558610752,0.109167076784692,8.04730155010702e-05,-0.169119451377862,-0.153065615815876,-0.261529990702074,0.437383189069061,0.187116634904923,0.224611435982919,0.488854093557125,0.446511375268244,0.433525567193017,-0.218778900200752,-0.841747769109139,-0.257816273921494,-0.156542126486986,-0.0989241022421563,-0.0475684604328528,-0.190498994061889,-0.194705808016597,-0.0483299696422055
"RPL26",-0.252742939736118,-0.115877760889161,-0.145651437088523,0.0191187174812892,0.0854928446507053,0.154092056367897,0.0584348514886539,0.0482794122363579,0.0422158253430123,-0.0224288920976967,-0.0731080919448548,-0.139158350383171,0.250196651746151,0.0853812279913466,0.125674157950169,0.474176721650625,0.401967424385582,0.377327061351396,-0.227907273896708,-0.148773712826515,-0.0305803277649357,-0.0817739346557307,-0.139289649574033,-0.082979081894317,-0.058841112531308,-0.509668080836571,-0.0935763065235715
"RPL37",-0.314658261146581,-0.192248983659654,-0.173484043711715,0.085665854036721,0.0298833066083244,0.153490429759502,0.0796054903520016,0.0304450279221147,0.0606684365329873,-0.222088750121097,-0.218022642650833,-0.232562155155019,0.255021036529994,0.153705187171415,0.198627104368764,0.625688417057443,0.577612665325191,0.568994024185338,-0.224089369261426,-0.206102932637195,-0.198212904883267,-0.147402375023054,-0.172303953492129,-0.114308983234128,-0.125020336198016,-0.124782046155703,-0.154119242519878
"RPS7",-0.344403459721073,-0.212120022329692,-0.228639258366828,0.202623364376672,0.117601590612123,0.227184168759726,0.056139289877029,-0.0241220893815868,0.0101919791903988,-0.17573872655581,-0.15118716108441,-0.214117472848347,0.35292735149304,0.202237124412076,0.181713084479274,0.527884289608309,0.464169951902274,0.468214027069926,-0.252940697186324,-0.217877410976699,-0.15480992353454,-0.104827795183105,-0.255262584293616,-0.140767395597194,-0.100380025216577,-0.107540535584439,-0.126151663920634
"RPL11",-0.393749276125561,-0.265511980664437,-0.320447302500767,0.122359991856712,0.167381662342176,0.209791561902676,0.00148670343000745,-0.0465551308891232,-0.016843313778887,-0.198831251652424,-0.108862674129723,-0.168351044642462,0.452711609909349,0.154306867078793,0.264625534506477,0.562585965194943,0.589543160230892,0.529801804224947,-0.307463163858721,-0.244797396975869,-0.123666611740653,-0.126490500416727,-0.189740014446794,-0.0930983944874963,-0.209616377279884,-0.09448508533265,-0.146085341754761
"RPS20",-0.283358716155798,-0.134160202342713,-0.15250610170156,0.11757297859244,0.0312734224848334,0.187992148762733,0.0860348457296816,-0.0579844998458601,-0.00881906405793664,-0.156347090384772,-0.120701718162346,-0.159974893942829,0.344983273092463,0.171736810475467,0.173233714694158,0.54086994402161,0.497531734848335,0.49321334080815,-0.183999727541897,-0.218575948271353,-0.0711444148128546,-0.148187247135493,-0.261215071354638,-0.170274960220159,-0.166443562441611,-0.175703648708827,-0.175045346429227
"RPL23",-0.2859612058817,-0.258850679161537,-0.198473320398106,0.177070581579757,0.109325662668567,0.149478526504202,-0.0219792260009193,-0.101519209985328,-0.0079749847324706,-0.150431426507751,-0.105305653018712,-0.0513741272190629,0.323134753182558,0.207056739671035,0.178100940982228,0.635455724704302,0.593327488641988,0.515084743939596,-0.253757948433472,-0.179196015113094,-0.0990161825625471,-0.15280368817762,-0.192372206993634,-0.14084843607783,-0.221844682614828,-0.215458679904355,-0.250867489091334
"ZBTB7B",-0.495600998442068,-0.412177575527325,-0.513328823502935,0.214195930399013,0.245284801788291,0.398720614676439,0.043533288757784,-0.102822210231123,-0.0790033164237389,0.184639773680782,0.105509176297849,0.0991551184449708,-0.0173944339379322,-0.131396517768755,0.0616364437500216,0.688518016617564,0.62426581346878,0.577584147920751,-0.406696480140429,-0.741427156352408,-0.336635522898169,0.0532194001514963,0.127395687955728,0.0257945107445234,-0.157866296546112,-0.0825701412203177,0.0274667483373232
"DDIT3",-0.869325570302241,-0.781870389522899,-0.695527163340364,0.574289390992424,0.557024901905661,0.639020365118785,0.136540576550633,0.110908754366086,0.120043508337316,0.372097000068218,0.409996232292027,0.345888530746741,0.380581841379051,0.115680794878338,0.142128125220625,0.521427447212798,0.551847269330091,0.553281101436344,-0.971737390983224,-0.875805149112336,-0.616694556668334,0.178227819922775,-0.0780482414201025,0.0087876719340727,-0.309621297098476,-0.170201009392882,-0.348940563851153
"XBP1",-0.565341882010987,-0.581214948524813,-0.609179713497676,0.321977526120653,0.24926497187459,0.405113447348251,-0.0877207883366111,-0.205067864636119,-0.107539149832608,0.177156906492911,0.114487335882396,0.111543689735671,0.379840835388235,0.25921364250585,0.295340030790664,0.540657336748842,0.413768439332994,0.48173352876092,-0.632401383300676,-0.502797159813477,-0.46661475678569,0.207091159608153,0.131201896332374,0.300324090082013,-0.254250484527567,-0.163718986590515,-0.212867719147789
"HSPA5",-0.997582897000227,-1.00854455108406,-0.942670826766832,0.430642462406674,0.381983147773362,0.435135673436749,-0.162105189161288,-0.18846873755661,-0.174370595851032,0.528492886519668,0.58051904120197,0.578252341468378,0.395137907178759,0.331312872529026,0.328373023386586,0.819177251175251,0.800588466963136,0.798186264808828,-0.863971376769426,-0.792578040951261,-0.762616050649681,0.261471352411546,0.161625048494827,0.166304232747366,-0.359331198901044,-0.366555009300855,-0.378407498509775
"DUSP10",-0.35197144412877,-0.397214692883329,-0.362825706551568,0.266140487574116,0.247306445917385,-0.03499712856188,-0.100312898947323,0.0861773041468439,-0.111124063629523,-0.0373954805567163,-0.0173803746321219,0.0884110222234042,0.075254238896143,0.187198367815736,0.219325480466075,0.288969872076418,0.486561950077164,0.447566145642666,-0.432140243962587,-0.336906834602228,-0.281899110158619,-0.0688138714837265,0.127158621943286,0.312811492651388,-0.204192683166777,0.023604093452029,-0.119310989617459
"AIDA",-0.185575597826938,-0.145357563272453,-0.174039246878793,0.222568821240365,0.141821718422941,0.0423687576072762,-0.115558717134256,-0.0266862544177222,-0.110929842382458,0.067880006883069,0.0994797531652196,0.052666513488715,0.136282186126524,0.119817207161807,0.125242590311208,0.242661010384813,0.108239529646662,0.266609079938224,-0.218325344388575,-0.15170907501189,-0.210675286820633,0.139894236749804,0.0110594018475876,0.0235123736335865,-0.163253749859441,-0.126729125226722,-0.171263383387926
"INSIG1",-0.443758903788073,-0.267949599061641,-0.369023204908252,0.131253416221861,0.0859293872808848,0.209463616877944,-0.00946916543084342,-0.107943866491963,-0.0451677728302862,0.0182896912223551,0.0711906017357062,0.0186282073270743,0.244625666844643,0.234675711752695,0.289622613447706,0.766802234019609,0.653110416054211,0.647654909411539,-0.441359783514516,-0.478154250441506,-0.450725454032575,0.0820224874985183,0.194358416780933,0.253526006609309,-0.397242511725739,-0.424712340058734,-0.465646530800832
"EIF2AK3",-0.553886564093236,-0.749752143910094,-0.677970755213606,0.421357085064612,0.375309661572496,0.320935422908649,-0.109490189147834,-0.0556134212968438,-0.116456498801504,0.0499085078496844,-0.000486696361472028,0.0806120135722388,0.0647775975042961,0.231579256328292,0.251715003647993,0.785414269132557,0.854883269678577,0.836413013034207,-0.615226403675061,-0.460252695649197,-0.652122957008869,0.210427144477656,0.194080066073605,0.186600892114772,-0.273416518711269,-0.270810897004729,-0.328527462085919
"DUSP19",-0.18047738562357,-0.108053328928751,-0.189320042287905,0.229346731179454,0.0932058336063992,0.18143788209901,-0.174842462486257,0.174788566945432,0.112107090632046,-0.0301332511454628,-0.129935129069779,-0.18932275994065,0.251875615899914,0.240004332381861,0.0856798698052543,0.20587322536117,-0.0867989145064705,0.13865370021513,-0.103418022817033,-0.161954313982122,-0.160172406325488,-0.0843899998338671,-0.117689448261434,0.0461523468686806,-0.0119894789682853,-0.0512675126778603,0.0206392618605875
"EIF2A",-0.281305710948446,-0.214166229453348,-0.212356343375161,0.183638538706614,0.171994411686965,0.149356999790312,0.0876315989164613,0.121323329478619,0.181573162058061,-0.162424993333246,-0.0799332581818462,-0.091122765371809,0.0936938906461044,0.0418738890463164,-0.0880966811027157,0.26465590000357,0.274212032269935,0.283926132315672,-0.208352554170411,-0.225095882694577,-0.142199547034082,-0.0243818759051688,-0.0553743271754996,-0.0691043732923546,0.0280326145850456,-0.0269097660676021,-0.00108819139743055
"ATF4",-0.340877616881935,-0.343774551568339,-0.26771561836355,0.264605402452483,0.197194579856832,0.291739852478152,0.0142610507235119,-0.0094134587990542,0.018896639729352,-0.117776257228467,-0.0972493781817985,-0.0958108264283535,0.140603571523329,0.0613148436806288,-0.0521721856399768,0.511959851647054,0.534774390299431,0.52472778369077,-0.383137825508312,-0.389624715086116,-0.276558541619002,0.119580750375565,-0.0126303228129228,-0.00447206102921527,-0.100284371920957,-0.0841523269711768,-0.104008658417857
"FBXW7",-0.521229818772039,-0.508512072951163,-0.406620405630012,0.301432456440315,0.282108279617415,0.202875707188914,0.153471890020914,0.139451485014721,0.183523442952195,-0.22615989305968,-0.178063014579982,-0.121705110190844,0.164383773295802,0.15404354479158,0.0683519849361378,0.48879826259417,0.475114359080468,0.469107320560999,-0.521833462217355,-0.346730950368885,-0.44463315300723,0.126246544430698,0.147573085447556,0.151314224539703,-0.0499305910070582,-0.0423282584659095,-0.14004963066138
"PPP1R15A",-0.599256585731471,-0.611727987394792,-0.670278557608277,0.379190004754991,0.301377139223227,0.426812931506801,0.254594812431757,0.173195332041898,0.198628864680359,0.00883691639749351,-0.0211484361062499,-0.00656590910146448,0.0707247901293542,-0.0981806276795858,-0.0199990571941964,0.717536107396155,0.688377962265944,0.600010136070532,-0.678362844997597,-0.691888690605408,-0.505786214620088,0.084831451197763,0.158024286885258,0.0899827075315969,-0.107500699852665,-0.0498414452880436,-0.0915863863332937
"DDRGK1",-0.418369877199353,-0.271618752852174,-0.421533921267521,-0.077989415730011,-0.0854629791342045,0.146219732182912,0.273051310647947,0.256110880726151,0.236179559324412,0.0436492742571115,-0.0267821932510781,-0.19343752901333,0.224598295621142,0.00737735198277534,0.251987772782087,0.308278642864639,0.375420251075347,0.242052749439249,-0.418430310502611,-0.467392561347957,-0.349247024093456,-0.151802520805216,0.149740610393158,0.0734138573330689,0.0653089826044528,0.108326310643792,0.120351503318696
"PML",-0.180450289915626,-0.244884594104962,-0.30665482002429,-0.129956095499292,0.0253481362195593,0.170048890942082,0.0326134857534228,0.0302862410430507,0.019742924637189,0.0637112999206018,-0.0483909170045411,0.00797695519550246,0.225212550801427,0.0745073644917333,0.0874027666972488,0.458915813234851,0.425308542484938,0.349256849164609,-0.215493471136728,-0.401450909035194,-0.389513532344331,-0.0824598947307233,0.0587889287869743,-0.0780604818602608,-0.0647617539539667,-0.0050977883533907,0.118053798590143
"AGR2",-0.158105188911524,-0.0203262908979163,0.0405746994923204,0.135653464443399,0.16349162944963,-0.0164752842354119,0.132060470690585,-0.158105188911524,-0.158105188911524,-0.158105188911524,0.114835734255973,0.0383903490417543,-0.158105188911524,0.152176311090531,0.190545829480857,-0.00907397977208468,0.0534761900688574,0.050145716634252,-0.158105188911524,0.227215006082223,-0.158105188911524,-0.0148701107989311,-0.158105188911524,0.159409093306563,0.0418785793829741,-0.158105188911524,-0.0161607075118422
"PTPN22",-0.282258469619543,0.0105414271981505,0.0995227443018418,-0.00895242045123101,-0.102081658106827,-0.0774496130827673,0.153769181783545,0.0734037407431112,-0.0616929611150301,-0.00140320415690898,0.226276856595443,0.0143541390387929,-0.217900392406276,0.193367283878946,-0.0214149167200111,0.0218415772072529,0.385845280187527,0.0403858395457268,-0.111081960155264,0.119651041347234,-0.039361585733702,-0.073541454892541,-0.134033560706021,0.0461435489468682,0.0220816725043065,-0.226981353849463,-0.0490307822831291
"PTPN2",-0.0846990827815048,-0.0904706016681143,0.0653246955588429,0.117432817308615,0.033978088747185,-0.0454623350733669,-0.0681721349067477,0.0282834319045726,-0.0168670664999837,0.151370321474497,0.0066981110983928,0.10677964184546,0.0162987816347879,-0.0159132290392829,-0.0635428857342895,0.189344306227799,0.131821553640837,0.286618122070649,-0.223666814683185,-0.0110591674788534,-0.125606503352079,0.0428355302301586,-0.106276177673109,-0.132591739939729,-0.00198745670989986,-0.0679348919304417,-0.122535314271241
"NCK1",-0.206757515165309,-0.195051763459968,-0.161898216477395,-0.0818832191799288,0.00106169749760276,-0.0520345219891603,-0.0953118895611365,-0.131373536618144,-0.0610100433503575,0.248800987579621,0.254815794969819,0.252234536231532,0.165500510080655,0.0835095777373933,0.0173215883992768,0.437686250789017,0.512519654330795,0.469704545692696,-0.299760972354644,-0.152765891949089,-0.167980250628963,0.022593980492152,0.0172782438433288,0.0335982524877458,-0.248274939847446,-0.365622389058087,-0.296900470492016
"TMCO1",-0.327609283587433,-0.301543489413946,-0.277726264912994,0.0111768761205813,0.00878504054443674,-0.0376917995644828,-0.140750777953329,-0.213118105635413,-0.16267517770466,0.280145803612189,0.307440945985533,0.312039676683453,0.0703711473150594,0.115013838443465,0.0994891140995513,0.75926593361223,0.731186770900504,0.697804719247667,-0.301955623483291,-0.218200403658864,-0.175551100786766,-0.0869658391482222,-0.134901281459564,-0.102030190276153,-0.229540948834744,-0.317837894790312,-0.364621685354496
"ADIPOR1",-0.326471179515261,-0.309503459670772,-0.372082331038005,0.0643773290206067,-0.0533161146908281,0.0383505033204017,-0.12262409322736,-0.086983623163519,-0.187853323681129,0.318298649791769,0.241301257078973,0.324315789304476,0.115134146605156,0.0556849371460171,0.132701336726141,0.729392193787081,0.72892917344551,0.767538613936702,-0.296282463980969,-0.272954319157733,-0.350736368897161,-0.126773006525642,-0.0936182996908776,-0.0949755258810541,-0.14966781833011,-0.34196837087044,-0.330213631841985
"TMED2",-0.334862879603822,-0.281776261125398,-0.330499861953417,0.0720575919317064,0.0380020334513222,0.0578665035736332,-0.138490326603176,-0.235156961104444,-0.115017213675653,0.320930665009099,0.255695980395794,0.261990308464165,0.11587681504645,0.149919269701311,0.033832657563698,0.509262640958125,0.512417694936232,0.583414365158843,-0.298396973582065,-0.330978665705322,-0.20345229158956,-0.0350917546780813,-0.0448830254228625,-0.0594591091453527,-0.150331404631526,-0.171302944833261,-0.18156685253647
"SELENOS",-0.429979003152834,-0.2721809075087,-0.383812181895461,0.221540916404791,0.0865232853723654,0.140477987965989,-0.157347706593281,-0.186893858691048,-0.228371846719673,0.333714746103364,0.361269637750782,0.384101471706186,0.180218494435326,0.146167448527983,0.0766568076440794,0.727807267770267,0.78959381464305,0.696030845721536,-0.350525654009752,-0.428397216686989,-0.22615195923948,-0.0351281319846208,-0.187151727874001,-0.0634615865532488,-0.398870813056151,-0.368197072983486,-0.427633057096987
"INSIG2",-0.410893834095491,-0.393958581156896,-0.478934138715763,0.213137651109049,-0.00211414449832503,0.132917906421298,-0.00790555920318248,-0.0879932085203823,-0.0309054099409369,0.191603017289239,0.319932051374971,0.269421379640631,0.0238354780987606,0.14240258090355,0.0765784721408842,0.520511096393248,0.446256759571094,0.492895672979836,-0.418418906147917,-0.181932280999046,-0.259842127974073,0.0977463480400989,0.0479954131599456,0.00389418827195165,-0.159329722343083,-0.201297538279304,-0.345602563520172
"TMEM33",-0.259507864847171,-0.199722990739549,-0.105447855365949,0.0717305016505172,0.112341606563174,0.0570715569826099,-0.0466649433471336,-0.148187120170986,-0.0201331795890738,0.0798978792626315,0.087556801559133,0.134254808175507,-0.00907522461398891,0.0774117411821038,0.0579680059396512,0.446264822114225,0.411402440941339,0.434233263278239,-0.299407248822208,-0.212502648394389,-0.251954455637016,-0.0236537117917184,-0.0283964141422377,0.0151788270348323,-0.0750591382491965,-0.153763299029899,-0.15183615994348
"EIF2S1",-0.330486961675604,-0.35622837876606,-0.361711644377916,0.0588729113434265,0.128076625964672,0.0472533872071228,-0.106641001828585,-0.0958131119792736,-0.194278261422763,0.122541206754967,0.062541884355868,0.207107394668029,0.150670038209338,0.140073587749423,0.142568047770435,0.660256234802631,0.668430399030228,0.650790147473634,-0.406193129076092,-0.295233329733193,-0.346560091209263,-0.0118229069722968,-0.0311944645610058,-0.0171275568735521,-0.143287889214273,-0.162055384641949,-0.180547752997944
"PPP1R15B",-0.532750257870047,-0.589444687865452,-0.558121728373782,0.132575327621179,0.0834779168255242,0.0231348360091079,-0.128068617225287,-0.116219403230893,-0.0976111129220847,0.187025079021854,0.207388220920949,0.166126138573878,0.105385384619327,0.269082761067919,0.273341310815683,1.07892958275554,1.01964151688771,1.05055262884215,-0.51348991678206,-0.389614803630735,-0.475403347886187,-0.0436574518242701,-0.0983766445702017,-0.101467688946785,-0.230200698820413,-0.350063938576227,-0.372170405436409
"APPL1",-0.114143261918031,-0.215366476050114,-0.225420132440576,-0.07261034400541,0.0338546905368382,-0.0731450587067215,-0.0910329141613939,-0.121036494329541,-0.0964488809199082,0.157475540708283,0.185829483391448,0.0985186418135182,-0.0183422635246533,0.051357090766551,0.140230741605565,0.419960594385852,0.423019308479207,0.465910880749488,-0.199228717960349,-0.0612152654684923,-0.1904476692189,-0.0883189098020232,-0.106716278213922,-0.0807871670400182,-0.0332415551031655,-0.0490902632329053,-0.139565320340575
"CYLD",-0.336808847795947,-0.260374826653402,-0.224256090000274,-0.0515355550237313,0.103129134099555,-0.147951971163824,-0.111966731682797,0.0115454205766241,-0.0338228040948856,0.0764764213102751,0.0329540614514467,0.127594398559783,-0.0764728623744944,0.221081072084058,0.0932371717855762,0.479144701751157,0.454408783267558,0.49913410547682,-0.25960133622781,-0.118408027004492,-0.416886445532178,0.00823835342697521,0.143978496421688,0.0888042182697273,-0.130683833333819,-0.0446414096134617,-0.126315597980101
"PDCD4",-0.260583235775567,-0.125211683179238,-0.153813988533365,0.0838893970930528,0.0229452540640889,0.0673282165650733,-0.0579659762557654,-0.160190296782194,-0.100235968347331,0.191486947625501,0.262815116869596,0.184486992402157,0.065450679942991,0.165847463526399,0.194577321886612,0.201310414100181,0.209773407483747,0.173757053208673,-0.158808395823918,-0.0725623250459133,-0.187557396681939,-0.0261529842041206,-0.0311486993013457,-0.00440401044021677,-0.221433337938766,-0.117461298907791,-0.146138667550646
"EZR",-0.255427117791156,-0.302704452003713,-0.214364251662401,0.0287159695912163,-0.017027740352404,-0.00821438208451042,-0.371495304902417,-0.354986633262541,-0.376539503607848,0.431844683451502,0.492025570698218,0.446422648517752,0.403152636588905,0.269235648657606,0.269322151454901,0.319733494537306,0.333868390994045,0.33840064176175,-0.201453885853619,-0.283494829399292,-0.164927237663603,-0.0122856188630962,-0.0775503960952157,-0.137352546360448,-0.0996967580055763,-0.215528583941767,-0.239672594403601
"WFS1",-0.179941967021142,-0.313452261005454,-0.304939648134782,0.154960643760658,0.132699081896767,0.11994835293792,-0.0818836174781286,-0.10146543331703,-0.132927170383629,0.456730215856899,0.38467066253704,0.266720699097288,0.0844662888190602,-0.13083427645374,-0.00112082751391895,0.21469652921596,0.134108920945836,0.0704395470136205,-0.183085614989578,-0.227822151321895,-0.20371746938992,-0.032023750785541,0.0321471726099425,0.0308050674359777,-0.198260015819224,-0.0118598926344777,0.0209409141215051
"ERLIN1",-0.212722784757025,-0.12428176341801,-0.146715344419677,0.104327313045815,0.0583823643061212,0.0260156410856567,-0.131559201294067,-0.0857101448802648,-0.0559752491750949,0.375876118817098,0.260857040608663,0.307914493559323,-0.0528484245103265,0.0569064307177953,0.0243762961284588,-0.00455112844724681,0.0677251244283141,0.00204238191104977,-0.172541195782106,-0.129165301153488,-0.184681970791791,0.0776196995404224,0.0686365822507966,0.0278485517983373,-0.0778053426785199,-0.00902021350242599,-0.0709499733877177
"ERLIN2",-0.208386036008942,-0.33860575575183,-0.291143800276028,0.150053558049581,0.125529036889729,0.0713833370196948,-0.0771037009379985,-0.166350396045829,-0.0455886981075952,0.308820740880257,0.248419008485985,0.253271781576514,0.0578715643001431,0.0922228023929392,0.0153078559826589,0.0104679364104179,0.0664506775271079,0.118276893071755,-0.194697623614312,-0.149197732674473,-0.2056132277198,0.0560854305247052,0.0279321633350698,0.157131777692404,-0.0193287982468586,-0.0270271165836782,-0.0361816781716371
"NPPA",-0.246889389945193,-0.184023491896728,0.0672538427187384,0.250388403317951,0.098461067915057,0.223479557709957,-0.491640498668548,-0.182428230190277,-0.0385408659471977,0.117936676720344,0.0999543799902973,0.155135411683053,0.296184994888742,0.196953100655449,0.000241323427709439,0.169347292035865,0.121155807532245,0.318278497353822,-0.122058768995698,-0.345632219637372,-0.0106784021822701,-0.0403475967197373,0.119247569595755,0.123879691311598,-0.246809158897456,-0.0991529765072245,-0.349696017268866
"GSTP1",-0.263562595803297,-0.082989430744874,-0.0694142394406381,0.309152194694022,0.222116202199087,0.346691663872514,-0.2022169815199,-0.266133578725324,-0.305644890506954,0.166788623354739,0.202342854074958,0.271039292026845,0.148303678824732,-0.0288487377965208,-0.033347309209903,0.363973298537312,0.294015919094448,0.256686626167431,-0.136183411920877,-0.186906926982891,-0.0138572666134014,0.14071832863125,-0.0648487269717872,0.0325367185064938,-0.34612092150469,-0.425625776538039,-0.328664605704706
"NFE2L2",-0.188417755378087,-0.378399091402811,-0.172533813742055,0.361173498822675,0.312374231847306,0.314344399834649,-0.227691252453244,-0.180884904528218,-0.187030656240998,0.131690127074469,0.0929952718201186,0.0831003618191772,0.00274280061225518,-0.0699586923412614,0.0190352428823068,0.49394821664843,0.458515625777453,0.421741125179446,-0.232238841574489,-0.120331146600336,-0.263797151753639,0.178446436538133,0.029084825022375,0.132890329536462,-0.305566277448563,-0.319505398440661,-0.38572751151094
